user_id|title|movie_id|rating|release_date|sex|age
944|12 Angry Men (1957)|178|5|01-Jan-1957|M|61
944|2001: A Space Odyssey (1968)|135|5|01-Jan-1968|M|61
944|Affair to Remember, An (1957)|966|4|01-Jan-1957|M|61
944|Age of Innocence, The (1993)|387|5|01-Jan-1993|M|61
944|Alien (1979)|183|4|01-Jan-1979|M|61
944|All About Eve (1950)|606|5|01-Jan-1950|M|61
944|Annie Hall (1977)|514|4|01-Jan-1977|M|61
944|Apocalypse Now (1979)|180|5|01-Jan-1979|M|61
944|Arsenic and Old Lace (1944)|659|5|01-Jan-1944|M|61
944|Before Sunrise (1995)|955|4|01-Jan-1995|M|61
944|Big Sleep, The (1946)|525|5|01-Jan-1946|M|61
944|Blade Runner (1982)|89|5|01-Jan-1982|M|61
944|Casablanca (1942)|483|5|01-Jan-1942|M|61
944|Cinema Paradiso (1988)|170|5|01-Jan-1988|M|61
944|Citizen Kane (1941)|134|5|01-Jan-1941|M|61
944|East of Eden (1955)|492|4|01-Jan-1955|M|61
944|Fargo (1996)|100|4|14-febr-97|M|61
944|Fish Called Wanda, A (1988)|153|4|01-Jan-1988|M|61
944|Godfather, The (1972)|127|5|01-Jan-1972|M|61
944|GoodFellas (1990)|182|5|01-Jan-1990|M|61
944|Great Dictator, The (1940)|524|5|01-Jan-1940|M|61
944|High Noon (1952)|661|5|01-Jan-1952|M|61
944|His Girl Friday (1940)|494|5|01-Jan-1940|M|61
944|L.A. Confidential (1997)|302|4|01-Jan-1997|M|61
944|Lawrence of Arabia (1962)|511|4|01-Jan-1962|M|61
944|Maltese Falcon, The (1941)|484|4|01-Jan-1941|M|61
944|Man Who Would Be King, The (1975)|530|5|01-Jan-1975|M|61
944|Nightmare Before Christmas, The (1993)|91|4|01-Jan-1993|M|61
944|Ninotchka (1939)|836|4|01-Jan-1939|M|61
944|Paths of Glory (1957)|641|4|01-Jan-1957|M|61
944|Philadelphia Story, The (1940)|478|5|01-Jan-1940|M|61
944|Psycho (1960)|185|5|01-Jan-1960|M|61
944|Pulp Fiction (1994)|56|4|01-Jan-1994|M|61
944|Quiet Man, The (1952)|648|4|01-Jan-1952|M|61
944|Rebel Without a Cause (1955)|506|4|01-Jan-1955|M|61
944|Remains of the Day, The (1993)|86|4|01-Jan-1993|M|61
944|Roman Holiday (1953)|487|4|01-Jan-1953|M|61
944|Schindler's List (1993)|318|4|01-Jan-1993|M|61
944|Silence of the Lambs, The (1991)|98|4|01-Jan-1991|M|61
944|Singin' in the Rain (1952)|705|4|01-Jan-1952|M|61
944|Some Like It Hot (1959)|482|5|01-Jan-1959|M|61
944|Sunset Blvd. (1950)|488|5|01-Jan-1950|M|61
944|Third Man, The (1949)|513|4|01-Jan-1949|M|61
944|To Be or Not to Be (1942)|1204|5|01-Jan-1942|M|61
944|Unforgiven (1992)|203|5|01-Jan-1992|M|61
944|Vertigo (1958)|479|5|01-Jan-1958|M|61
944|When Harry Met Sally... (1989)|216|4|01-Jan-1989|M|61
