"Good, The Bad and The Ugly, The (1966)",3.494949494949496,4.2213001383125865,0.7263506433630904
"Kentucky Fried Movie, The (1977)",2.878787878787879,3.555147058823529,0.6763591800356501
Dumb & Dumber (1994),2.697986577181208,3.336594911937378,0.63860833475617
"Longest Day, The (1962)",3.4117647058823533,4.031446540880503,0.6196818349981497
"Cable Guy, The (1996)",2.25,2.8637873754152823,0.6137873754152823
Evil Dead II (Dead By Dawn) (1987),3.2972972972972974,3.9092827004219415,0.6119854031246441
"Hidden, The (1987)",3.1379310344827585,3.7450980392156863,0.6071670047329278
Rocky III (1982),2.3617021276595747,2.9435028248587565,0.5818006971991818
Caddyshack (1980),3.396135265700482,3.9697368421052635,0.5736015764047813
For a Few Dollars More (1965),3.4090909090909087,3.953795379537954,0.5447044704470452
Porky's (1981),2.296875,2.8363636363636364,0.5394886363636364
Animal House (1978),3.62890625,4.167192429022082,0.5382861790220819
"Exorcist, The (1973)",3.5376344086021505,4.067238912732475,0.5296045041303246
Fright Night (1985),2.9736842105263164,3.5,0.5263157894736836
Barb Wire (1996),1.5853658536585369,2.1003861003861,0.5150202467275633
Rocky II (1979),2.7413793103448274,3.242894056847545,0.5015147465027177
Beavis and Butt-head Do America (1996),2.6373626373626373,3.1354166666666665,0.4980540293040292
Big Trouble in Little China (1986),2.9879518072289155,3.4850299401197606,0.4970781328908451
From Dusk Till Dawn (1996),2.7357142857142858,3.232558139534884,0.49684385382059837
"Wild Bunch, The (1969)",3.636363636363636,4.128099173553719,0.4917355371900829
Akira (1988),3.511111111111111,3.98034398034398,0.4692328692328691
"Me, Myself and Irene (2000)",2.6293103448275863,3.096846846846846,0.4675365020192599
Kingpin (1996),3.0923076923076924,3.55748031496063,0.4651726226529376
Where Eagles Dare (1969),3.3846153846153846,3.8333333333333335,0.4487179487179489
Reservoir Dogs (1992),3.7692307692307687,4.213872832369942,0.4446420631391734
Raging Bull (1980),3.8319327731092434,4.263440860215054,0.43150808710581057
Godzilla (Gojira) (1954),2.948717948717949,3.3740458015267176,0.4253278528087687
"South Park: Bigger, Longer and Uncut (1999)",3.4224806201550386,3.846686449060337,0.42420582890529834
Eyes Wide Shut (1999),2.8912133891213387,3.305949008498584,0.41473561937724535
Tommy Boy (1995),3.1707317073170733,3.5853658536585367,0.41463414634146334
Rounders (1998),3.2666666666666666,3.680701754385965,0.4140350877192982
Airplane! (1980),3.656565656565657,4.0644194756554315,0.40785381908977447
Predator (1987),3.2994011976047903,3.706194690265487,0.40679349266069664
Unforgiven (1992),3.748427672955975,4.155131264916467,0.40670359196049244
Carlito's Way (1993),3.3404255319148937,3.7422360248447206,0.40181049292982696
Patton (1970),3.9255319148936163,4.3248638838475495,0.3993319689539332
"Godfather: Part II, The (1974)",4.04093567251462,4.437777777777779,0.39684210526315855
"Clockwork Orange, A (1971)",3.7570093457943927,4.145812807881773,0.3888034620873806
Glengarry Glen Ross (1992),3.5839999999999996,3.968609865470852,0.3846098654708525
Aliens (1986),3.8020833333333335,4.18668407310705,0.38460073977371634
Fletch (1985),3.284482758620689,3.668737060041408,0.3842543014207189
"Fistful of Dollars, A (1964)",3.644444444444445,4.027253668763103,0.3828092243186578
Starship Troopers (1997),2.8027210884353737,3.1811023622047245,0.3783812737693508
Last Man Standing (1996),2.555555555555556,2.9327731092436973,0.37721755368814147
"Princess Mononoke, The (Mononoke Hime) (1997)",3.84375,4.217081850533808,0.37333185053380813
Deconstructing Harry (1997),3.138888888888889,3.5094339622641515,0.37054507337526266
High Noon (1952),3.873015873015873,4.235294117647058,0.36227824463118496
Ronin (1998),3.2190476190476187,3.5734664764621966,0.3544188574145779
Topsy-Turvy (1999),3.463917525773196,3.816425120772947,0.35250759499975093
Christmas Vacation (1989),3.3162393162393164,3.6683417085427137,0.35210239230339724
"Naked Gun 2 1/2: The Smell of Fear, The (1991)",2.802469135802469,3.1542857142857144,0.3518165784832452
"Devil's Own, The (1997)",2.5740740740740744,2.9230769230769242,0.34900284900284984
Thunderball (1965),3.4,3.748587570621469,0.34858757062146895
"Naked Gun: From the Files of Police Squad!, The (1988)",3.3951612903225805,3.742957746478873,0.3477964561562925
Payback (1999),3.2075471698113214,3.5532233883058466,0.34567621849452523
Conan the Barbarian (1982),3.125,3.4695121951219514,0.3445121951219514
Touch of Evil (1958),3.944954128440367,4.288888888888889,0.3439347604485219
In the Company of Men (1997),3.52,3.8620689655172415,0.34206896551724153
"Lock, Stock & Two Smoking Barrels (1998)",3.628787878787879,3.969574036511156,0.34078615772327714
Desperado (1995),3.1724137931034484,3.512141280353201,0.33972748724975244
Apocalypse Now (1979),3.955307262569832,4.294884653961885,0.33957739139205323
Fear and Loathing in Las Vegas (1998),3.0793650793650795,3.4170212765957446,0.3376561972306651
"Nightmare on Elm Street, A (1984)",3.217391304347826,3.5543175487465177,0.33692624439869157
Full Metal Jacket (1987),3.82183908045977,4.1574074074074066,0.3355683269476364
Deliverance (1972),3.6639999999999997,3.9983443708609263,0.3343443708609266
King Kong (1933),3.3770491803278686,3.7097791798107256,0.332729999482857
Terminator 2: Judgment Day (1991),3.7850877192982457,4.115367077063383,0.3302793577651375
Spartacus (1960),3.7428571428571433,4.073033707865169,0.3301765650080255
Back to School (1986),2.8857142857142857,3.2147887323943665,0.3290744466800808
Alien (1979),3.888252148997135,4.216119402985076,0.32786725398794125
Spawn (1997),2.333333333333333,2.660287081339713,0.32695374800638
"Thing, The (1982)",3.5,3.825885978428351,0.3258859784283512
"Frighteners, The (1996)",3.0847457627118646,3.4050179211469533,0.3202721584350887
Mad Max 2 (a.k.a. The Road Warrior) (1981),3.3937007874015754,3.713340683572216,0.31963989617064037
Bottle Rocket (1996),3.6046511627906974,3.923809523809524,0.31915836101882666
Rambo: First Blood Part II (1985),2.5384615384615383,2.856353591160221,0.3178920526986828
"Omen, The (1976)",3.367088607594937,3.684848484848485,0.31775987725354815
First Blood (1982),3.2857142857142856,3.5994475138121547,0.3137332280978691
"Nutty Professor, The (1996)",2.757847533632287,3.0689655172413794,0.31111798360909226
Escape from New York (1981),3.194690265486725,3.504539559014267,0.3098492935275421
"Terminator, The (1984)",3.899728997289973,4.2058993637941,0.3061703665041273
Groundhog Day (1993),3.735562310030395,4.041358024691357,0.3057957146609622
2001: A Space Odyssey (1968),3.825581395348837,4.129737609329447,0.30415621398061
"Treasure of the Sierra Madre, The (1948)",4.044943820224719,4.3489010989010985,0.30395727867637934
Kids in the Hall: Brain Candy (1996),3.1730769230769242,3.4764150943396226,0.30333817126269835
Austin Powers: International Man of Mystery (1997),3.4788732394366195,3.781758957654723,0.3028857182181035
Bachelor Party (1984),2.890625,3.1925675675675675,0.30194256756756754
Blade (1998),3.221311475409836,3.5225618631732165,0.30125038776338053
"Arrival, The (1996)",2.888888888888889,3.1900826446280988,0.3011937557392099
Night of the Living Dead (1968),3.4227642276422765,3.722972972972973,0.3002087453306963
Blue Velvet (1986),3.5350318471337583,3.8350100603621735,0.2999782132284152
"Seventh Seal, The (Sjunde inseglet, Det) (1957)",4.0,4.296137339055794,0.296137339055794
Planet of the Apes (1968),3.4656084656084656,3.7605344295991774,0.2949259639907118
High Plains Drifter (1972),3.611111111111111,3.899665551839465,0.2885544407283538
Alien: Resurrection (1997),2.70873786407767,2.997041420118343,0.28830355604067304
All Quiet on the Western Front (1930),3.9574468085106393,4.244343891402715,0.2868970828920756
Hot Shots! Part Deux (1993),2.557894736842105,2.8430962343096233,0.2852014974675181
Saving Private Ryan (1998),4.114782608695652,4.398941289701637,0.2841586810059846
Rocky (1976),3.7115384615384617,3.9956568946796964,0.28411843314123475
There's Something About Mary (1998),3.6927536231884064,3.9756335282651074,0.282879905076701
Braveheart (1995),4.016483516483516,4.2978386926726415,0.2813551761891251
Pink Floyd - The Wall (1982),3.40625,3.687306501547988,0.281056501547988
Leaving Las Vegas (1995),3.4581939799331103,3.73568281938326,0.2774888394501498
True Romance (1993),3.7039999999999997,3.9812382739212007,0.27723827392120093
Pulp Fiction (1994),4.071955719557195,4.3468385512584415,0.2748828317012464
Ace Ventura: When Nature Calls (1995),2.269662921348315,2.543333333333333,0.2736704119850182
Pee-wee's Big Adventure (1985),3.198067632850241,3.4709480122324163,0.27288037938217524
Scary Movie (2000),2.8028169014084505,3.0743099787685777,0.2714930773601272
"Crow, The (1994)",3.2291666666666665,3.4983050847457617,0.2691384180790952
Predator 2 (1990),2.62,2.8887015177065765,0.26870151770657635
"Godfather, The (1972)",4.314699792960663,4.583333333333333,0.2686335403726696
Papillon (1973),3.849056603773585,4.117647058823529,0.26859045504994405
Gremlins (1984),3.055555555555556,3.3241042345276868,0.26854867897213097
Stripes (1981),3.6171875,3.88562091503268,0.26843341503268014
Naked Gun 33 1/3: The Final Insult (1994),2.671875,2.939655172413793,0.26778017241379315
"Big Lebowski, The (1998)",3.5278969957081543,3.795138888888889,0.26724189318073455
Pale Rider (1985),3.5217391304347827,3.7889273356401385,0.2671882052053558
"Gold Rush, The (1925)",3.983870967741936,4.248826291079812,0.2649553233378761
Falling Down (1993),3.2333333333333334,3.4976958525345623,0.2643625192012289
Varsity Blues (1999),2.849056603773585,3.1126760563380285,0.2636194525644435
"Blues Brothers, The (1980)",3.730627306273063,3.9925233644859817,0.2618960582129186
"Day the Earth Stood Still, The (1951)",3.9213483146067416,4.182978723404255,0.2616304087975134
Swingers (1996),3.738636363636364,4.0,0.2613636363636358
Office Space (1999),3.6185567010309283,3.87905604719764,0.26049934616671155
Halloween (1978),3.5,3.7596153846153846,0.2596153846153846
"Mask, The (1994)",3.0818505338078293,3.3407572383073503,0.258906704499521
GoodFellas (1990),4.0724233983286915,4.331278890600925,0.25885549227223326
Clerks (1994),3.746875,4.0054945054945055,0.2586195054945053
"Messenger: The Story of Joan of Arc, The (1999)",2.8095238095238093,3.0647482014388485,0.2552243919150392
Rocky V (1990),1.8787878787878791,2.132780082987552,0.2539922041996727
Blazing Saddles (1974),3.848101265822785,4.100907029478458,0.2528057636556733
"American Werewolf in London, An (1981)",3.5480769230769242,3.8,0.2519230769230756
Live and Let Die (1973),3.375,3.6256830601092895,0.25068306010928953
"7th Voyage of Sinbad, The (1958)",3.4090909090909087,3.658878504672897,0.24978759558198815
Die Hard (1988),3.9185667752443,4.1677704194260485,0.24920364418174845
Anaconda (1997),2.0,2.2484472049689437,0.24844720496894368
Goldfinger (1964),3.760869565217391,4.009222661396573,0.24835309617918222
Tin Cup (1996),3.0451977401129944,3.2922374429223744,0.24703970280938004
"Fly, The (1986)",3.2397959183673466,3.4857142857142858,0.24591836734693917
"Great Escape, The (1963)",4.163043478260869,4.408940397350993,0.24589691909012412
Duck Soup (1933),4.016528925619835,4.260042283298096,0.24351335767826132
Devil in a Blue Dress (1995),3.3925233644859816,3.6360294117647056,0.24350604727872405
Small Soldiers (1998),2.611940298507463,2.855218855218855,0.2432785567113922
U-571 (2000),3.3396226415094334,3.5821094793057413,0.24248683779630786
Tron (1982),3.148936170212766,3.3908323281061516,0.2418961578933856
Chasing Amy (1997),3.6044776119402986,3.8452722063037252,0.24079459436342665
"Waterboy, The (1998)",2.739130434782609,2.9786585365853657,0.23952810180275685
Star Wars: Episode V - The Empire Strikes Back (1980),4.106481481481482,4.344577284372331,0.2380958028908493
Back to the Future Part II (1989),3.1545064377682404,3.391351351351352,0.23684491358311144
Scent of a Woman (1992),3.5497076023391814,3.7864583333333335,0.23675073099415211
Jurassic Park (1993),3.5794066317626525,3.8141972367794192,0.23479060501676674
Army of Darkness (1993),3.6015625,3.835985312117504,0.23442281211750382
"Matrix, The (1999)",4.128404669260701,4.362235067437378,0.2338303981766776
Happy Gilmore (1996),3.3428571428571434,3.57380073800738,0.23094359515023655
"Lost World: Jurassic Park, The (1997)",2.8475336322869955,3.0775193798449614,0.22998574755796586
Private Parts (1997),3.303030303030303,3.5325,0.229469696969697
Casino (1995),3.609022556390977,3.837887067395264,0.22886451100428706
Heat (1995),3.682170542635659,3.909987669543773,0.22781712690811418
Blade Runner (1982),4.086538461538462,4.3125,0.22596153846153832
King Kong (1976),2.565217391304348,2.7908745247148294,0.22565713341048133
Requiem for a Dream (2000),3.95,4.174107142857143,0.22410714285714306
Robocop (1987),3.2588235294117647,3.482530689329556,0.2237071599177911
Cool Hand Luke (1967),4.073863636363637,4.295755968169761,0.22189233180612433
Jacob's Ladder (1990),3.4029850746268657,3.622889305816135,0.21990423118926916
"Cradle Will Rock, The (1999)",3.217391304347826,3.437125748502994,0.21973444415516763
Happiness (1998),3.736842105263158,3.954918032786885,0.21807592752372695
Deuce Bigalow: Male Gigolo (1999),2.5972222222222223,2.8135593220338984,0.21633709981167604
Everything You Always Wanted to Know About Sex (1972),3.3859649122807016,3.6008771929824563,0.21491228070175472
Nashville (1975),3.7534246575342483,3.968253968253968,0.21482931071971967
American Pie (1999),3.5397923875432524,3.7545454545454544,0.21475306700220198
"Hunt for Red October, The (1990)",3.8782051282051277,4.092537313432836,0.21433218522770847
Mulholland Falls (1996),2.9090909090909087,3.121212121212121,0.21212121212121238
Annie Hall (1977),3.992327365728902,4.2036055143160125,0.2112781485871107
"Replacement Killers, The (1998)",2.9607843137254903,3.1716417910447765,0.21085747731928617
"Hustler, The (1961)",4.066666666666666,4.274666666666667,0.20800000000000018
Bound (1996),3.664179104477612,3.8721461187214614,0.20796701424384922
Final Destination (2000),3.11,3.3175487465181064,0.2075487465181065
"French Connection, The (1971)",3.9236641221374047,4.130136986301371,0.20647286416396593
"Ice Storm, The (1997)",3.658064516129032,3.863636363636364,0.20557184750733226
Manhattan (1979),3.932642487046632,4.137142857142857,0.20450037009622513
"Last Picture Show, The (1971)",3.8181818181818175,4.022556390977444,0.20437457279562654
Star Wars: Episode VI - Return of the Jedi (1983),3.8652373660030626,4.069058295964124,0.20382092996106183
Creepshow (1982),2.9838709677419355,3.1870129870129866,0.20314201927105113
Everyone Says I Love You (1996),3.4339622641509435,3.636904761904762,0.20294249775381834
White Men Can't Jump (1992),3.028776978417266,3.2310606060606064,0.2022836276433404
Supercop (1992),3.333333333333333,3.5349794238683128,0.20164609053497973
Lawrence of Arabia (1962),4.2405063291139244,4.4398216939078745,0.19931536479395007
"Boat, The (Das Boot) (1981)",4.133333333333334,4.332549941245594,0.19921660791225992
Ace Ventura: Pet Detective (1994),3.0,3.1979166666666665,0.19791666666666652
Basic Instinct (1992),3.387878787878788,3.5853242320819114,0.19744544420312327
"Iron Giant, The (1999)",3.8947368421052633,4.0919540229885065,0.19721718088324325
Strange Days (1995),3.125,3.321904761904762,0.19690476190476192
Austin Powers: The Spy Who Shagged Me (1999),3.2407932011331444,3.4366327474560587,0.19583954632291434
Hollow Man (2000),2.382716049382716,2.5771604938271606,0.19444444444444464
Conquest of the Planet of the Apes (1972),2.679245283018868,2.8721311475409834,0.1928858645221152
Star Wars: Episode IV - A New Hope (1977),4.302936630602781,4.495307167235495,0.19237053663271375
"Color of Money, The (1986)",3.310810810810811,3.5018587360594795,0.19104792524866854
"Rocketeer, The (1991)",2.9473684210526314,3.1382636655948555,0.19089524454222406
eXistenZ (1999),3.0985915492957745,3.2890855457227137,0.1904939964269392
Platoon (1986),3.9315789473684215,4.1217208814270725,0.19014193405865099
Raiders of the Lost Ark (1981),4.3321678321678325,4.520597322348094,0.1884294901802619
"Siege, The (1998)",2.9661016949152543,3.1529051987767582,0.1868035038615039
Double Indemnity (1944),4.282051282051282,4.468354430379748,0.1863031483284665
Inherit the Wind (1960),4.1466666666666665,4.3316062176165815,0.184939550949915
Species (1995),2.661764705882353,2.8464730290456437,0.1847083231632909
"Hudsucker Proxy, The (1994)",3.4934210526315788,3.6778523489932886,0.18443129636170985
"Birds, The (1963)",3.7460317460317465,3.9301470588235294,0.18411531279178295
Wayne's World (1992),3.4642857142857144,3.6464285714285714,0.18214285714285694
"Natural, The (1984)",3.691666666666667,3.8714953271028034,0.17982866043613654
Lost in Space (1998),2.4363636363636365,2.614003590664273,0.1776399543006364
Nikita (La Femme Nikita) (1990),3.864864864864865,4.041025641025641,0.17616077616077597
Jaws (1975),3.946875,4.1227305737109665,0.1758555737109666
Great Expectations (1998),3.103448275862069,3.2789115646258504,0.17546328876378148
Mimic (1997),2.7755102040816326,2.9498327759197323,0.17432257183809963
For Your Eyes Only (1981),3.3548387096774195,3.526170798898072,0.17133208922065268
"Thin Man, The (1934)",4.125,4.295918367346939,0.170918367346939
Boiler Room (2000),3.3217391304347825,3.4926315789473685,0.170892448512586
Magnolia (1999),3.7687074829931975,3.938949938949939,0.1702424559567417
Night Shift (1982),3.338709677419355,3.5086206896551726,0.16991101223581762
Angel Heart (1987),3.270833333333333,3.4403409090909087,0.1695075757575757
X-Men (2000),3.6823104693140793,3.8517017828200975,0.1693913135060181
"'burbs, The (1989)",2.7934782608695654,2.962085308056872,0.16860704718730668
Godzilla (1998),2.175438596491228,2.343891402714932,0.16845280622370362
American Psycho (2000),3.085271317829457,3.253493013972056,0.16822169614259908
Fast Times at Ridgemont High (1982),3.706185567010309,3.874277456647399,0.1680918896370902
Donnie Brasco (1997),3.664556962025317,3.8324420677361855,0.16788510571086857
Dead Men Don't Wear Plaid (1982),3.1341463414634148,3.3017543859649123,0.16760804450149758
"Professional, The (a.k.a. Leon: The Professional) (1994)",3.973684210526317,4.1405184174624825,0.16683420693616569
Summer of Sam (1999),2.9390243902439024,3.1054313099041533,0.1664069196602509
"Peacemaker, The (1997)",2.9571428571428573,3.1230769230769235,0.16593406593406623
Dazed and Confused (1993),3.567741935483871,3.7336065573770494,0.1658646218931783
Ben-Hur (1959),3.9765625,4.140625,0.1640625
U Turn (1997),2.931034482758621,3.095022624434389,0.1639881416757678
Mad Max (1979),3.523489932885906,3.6870229007633593,0.1635329678774533
"Deer Hunter, The (1978)",3.97,4.133333333333334,0.16333333333333355
"Blob, The (1958)",3.0,3.1631205673758864,0.16312056737588643
Crumb (1994),3.936936936936937,4.1,0.1630630630630625
Phantasm (1979),3.0588235294117645,3.2195945945945947,0.16077106518283024
Easy Rider (1969),3.6428571428571432,3.8036175710594313,0.16076042820228809
Dark City (1998),3.683760683760684,3.8441215323645967,0.16036084860391275
Beneath the Planet of the Apes (1970),2.8076923076923075,2.9680511182108624,0.16035881051855494
Casablanca (1942),4.300990099009901,4.461340206185566,0.160350107175665
"Outlaw Josey Wales, The (1976)",3.896551724137931,4.056547619047619,0.15999589490968757
Breakdown (1997),3.292307692307692,3.4498269896193765,0.15751929731168435
Star Trek: The Wrath of Khan (1982),3.7477064220183487,3.9040650406504063,0.15635861863205758
Real Genius (1985),3.5842696629213484,3.739376770538244,0.1551071076168955
Broken Arrow (1996),2.7448979591836733,2.9,0.15510204081632661
Heartbreak Ridge (1986),3.2,3.354385964912281,0.15438596491228074
Miller's Crossing (1990),3.880597014925373,4.034364261168385,0.15376724624301197
Shane (1953),3.7142857142857135,3.867469879518072,0.15318416523235845
Honeymoon in Vegas (1992),3.1137724550898205,3.2666666666666666,0.15289421157684613
Time Bandits (1981),3.5681818181818183,3.7206235011990407,0.15244168301722238
L.A. Confidential (1997),4.106007067137809,4.256678281068525,0.1506712139307158
Man on the Moon (1999),3.3694581280788176,3.5201192250372584,0.15066109695844077
"Fish Called Wanda, A (1988)",3.858024691358025,4.007984031936128,0.149959340578103
Crimson Tide (1995),3.601449275362319,3.750803858520901,0.14935458315858208
Stalag 17 (1953),4.104477611940299,4.253822629969419,0.1493450180291207
"Big Kahuna, The (2000)",3.2625,3.4107142857142856,0.1482142857142854
Batman (1989),3.482638888888889,3.63079615048119,0.14815726159230103
"Sting, The (1973)",4.208661417322834,4.355974842767297,0.14731342544446235
"Mariachi, El (1992)",3.563380281690141,3.70873786407767,0.14535758238752905
12 Angry Men (1957),4.1843971631205665,4.328421052631579,0.1440238895110122
Who Framed Roger Rabbit? (1988),3.569377990430622,3.7132512671976814,0.1438732767670592
When We Were Kings (1996),4.204081632653061,4.346491228070176,0.1424095954171154
Tombstone (1993),3.752941176470588,3.895299145299145,0.142357968828557
"39 Steps, The (1935)",3.9655172413793123,4.107692307692306,0.14217506631299415
Mallrats (1995),3.4347826086956523,3.5766016713091924,0.14181906261354005
Ghost Dog: The Way of the Samurai (1999),3.727272727272727,3.868725868725869,0.14145314145314192
Heavy Metal (1981),3.4225352112676046,3.563071297989031,0.14053608672142648
Close Encounters of the Third Kind (1977),3.903654485049834,4.043478260869565,0.13982377581973138
"Thin Red Line, The (1998)",3.2777777777777777,3.41726618705036,0.1394884092725821
"Taking of Pelham One Two Three, The (1974)",3.6774193548387095,3.8163265306122454,0.13890717577353584
Seven (Se7en) (1995),4.0,4.138285714285714,0.1382857142857139
Wyatt Earp (1994),3.147058823529412,3.2838983050847457,0.13683948155533354
Clear and Present Danger (1994),3.615384615384616,3.751157407407408,0.13577279202279202
Soylent Green (1973),3.4032258064516134,3.5388888888888888,0.13566308243727532
Back to the Future Part III (1990),3.13302752293578,3.267741935483872,0.13471441254809235
Raising Arizona (1987),3.9209809264305178,4.055295220243674,0.1343142938131563
"River Runs Through It, A (1992)",3.6612021857923502,3.7954545454545454,0.13425235966219518
Key Largo (1948),3.983333333333333,4.117302052785924,0.1339687194525907
Shampoo (1975),3.147727272727273,3.281081081081081,0.13335380835380795
Psycho (1960),4.117056856187292,4.25,0.13294314381270844
Better Off Dead... (1985),3.8190476190476192,3.9509536784741135,0.13190605942649425
Forbidden Planet (1956),3.8627450980392166,3.993788819875777,0.13104372183656032
"Falcon and the Snowman, The (1984)",3.4047619047619047,3.5355450236966823,0.13078311893477768
Arachnophobia (1990),2.899641577060932,3.0294117647058822,0.1297701876449504
Total Recall (1990),3.573717948717949,3.70249406175772,0.1287761130397711
Ed Wood (1994),3.6008583690987126,3.729106628242076,0.12824825914336335
Powder (1995),3.079710144927536,3.2078189300411517,0.12810878511361556
Return to Oz (1985),2.7538461538461543,2.881516587677725,0.12767043383157084
Monty Python and the Holy Grail (1974),4.235795454545454,4.363271852445871,0.1274763979004172
Rising Sun (1993),3.065217391304348,3.1904761904761907,0.12525879917184257
Wayne's World 2 (1993),2.7865168539325844,2.9098837209302326,0.1233668669976482
Twelve Monkeys (1995),3.8453237410071934,3.968369829683698,0.12304608867650435
Trading Places (1983),3.733333333333333,3.8543247344461298,0.12099140111279683
Event Horizon (1997),2.4142857142857137,2.5350467289719627,0.120761014686249
"Nightmare on Elm Street 3: Dream Warriors, A (1987)",2.5434782608695654,2.6621621621621623,0.11868390129259687
"Lawnmower Man, The (1992)",2.5581395348837206,2.676748582230624,0.11860904734690347
Sphere (1998),2.565217391304348,2.6837416481069045,0.1185242568025564
This Is Spinal Tap (1984),4.088,4.2062211981566815,0.11822119815668142
Pet Sematary (1989),2.8666666666666667,2.983673469387755,0.11700680272108821
"Paper Chase, The (1973)",3.7460317460317465,3.86283185840708,0.1168001123753335
Liar Liar (1997),3.4137931034482767,3.5304878048780486,0.1166947014297719
"Devil's Advocate, The (1997)",3.345744680851064,3.4623824451410656,0.11663776429000183
Die Hard: With a Vengeance (1995),3.4615384615384617,3.5776836158192094,0.11614515428074768
"Limey, The (1999)",3.5882352941176467,3.704301075268817,0.11606578115117028
Romeo Must Die (2000),3.042553191489361,3.158450704225352,0.11589751273599092
Invasion of the Body Snatchers (1956),3.8203125,3.9360000000000004,0.11568750000000039
American Graffiti (1973),3.940476190476192,4.055555555555555,0.11507936507936334
Friday (1995),3.565217391304348,3.68,0.11478260869565204
Dr. No (1962),3.776595744680851,3.891304347826087,0.11470860314523579
Out of Sight (1998),3.706806282722513,3.8214783821478377,0.11467209942532497
Dog Day Afternoon (1975),3.877551020408163,3.991909385113269,0.11435836470510585
Flirting With Disaster (1996),3.75,3.8632478632478633,0.11324786324786329
"Simple Plan, A (1998)",3.6623376623376624,3.774957698815567,0.11262003647790442
"Running Man, The (1987)",3.098765432098765,3.2110939907550087,0.1123285586562437
Tomorrow Never Dies (1997),3.352601156069364,3.4644412191582004,0.11184006308883632
Body Heat (1981),3.9439252336448596,4.055415617128464,0.1114903834836043
"People vs. Larry Flynt, The (1996)",3.5,3.611111111111111,0.11111111111111116
My Favorite Year (1982),3.810810810810811,3.9210526315789473,0.11024182076813638
"Silence of the Lambs, The (1991)",4.271954674220964,4.381944444444445,0.10998977022348022
Arthur (1981),3.3486842105263164,3.4581151832460733,0.10943097271975688
Rushmore (1998),3.7571428571428567,3.865957446808512,0.10881458966565516
"Beach, The (2000)",2.62280701754386,2.7313915857605178,0.10858456821665774
American Beauty (1999),4.238900634249472,4.347300564061241,0.10839992981176927
"Whole Nine Yards, The (2000)",3.296551724137931,3.404814004376368,0.1082622802384372
"Ninth Gate, The (2000)",2.790322580645161,2.8983050847457625,0.1079825041006015
Hoosiers (1986),3.830188679245283,3.938016528925621,0.10782784968033798
"Shining, The (1980)",4.02092050209205,4.128537735849057,0.10761723375700694
One Flew Over the Cuckoo's Nest (1975),4.3108108108108105,4.418423106947698,0.10761229613688705
Chinatown (1974),4.254901960784314,4.3623655913978485,0.10746363061353481
"Man Who Knew Too Little, The (1997)",3.071428571428572,3.1785714285714284,0.10714285714285632
Hellraiser (1987),3.0222222222222217,3.1282051282051277,0.10598290598290605
Crocodile Dundee (1986),3.3457943925233646,3.4512893982808017,0.10549500575743709
Risky Business (1983),3.5603864734299515,3.665116279069768,0.10472980563981649
On the Waterfront (1954),4.190476190476192,4.2951653944020345,0.10468920392584291
Field of Dreams (1989),3.832432432432432,3.9365351629502574,0.10410273051782548
"Jerk, The (1979)",3.660869565217392,3.764192139737992,0.1033225745205999
Star Wars: Episode I - The Phantom Menace (1999),3.328326180257512,3.4310538116591927,0.10272763140168051
"Avengers, The (1998)",1.915254237288136,2.017467248908297,0.10221301162016094
Cop Land (1997),3.2758620689655173,3.3777777777777778,0.10191570881226042
Diner (1982),3.845,3.94679186228482,0.10179186228481996
Rosemary's Baby (1968),3.7463414634146335,3.848126232741617,0.10178476932698333
Excalibur (1981),3.731034482758621,3.83249581239531,0.10146132963668908
Crimes and Misdemeanors (1989),3.973684210526317,4.07514450867052,0.10146029814420299
Moonraker (1979),3.1025641025641018,3.2038327526132404,0.10126865004913865
From Russia with Love (1963),3.801980198019802,3.9029850746268657,0.10100487660706392
JFK (1991),3.6768292682926833,3.777027027027027,0.10019775873434389
Contact (1997),3.6902356902356894,3.7898617511520736,0.09962606091638415
Pump Up the Volume (1990),3.4183673469387754,3.5159817351598166,0.09761438822104118
Being There (1979),3.9370078740157477,4.0344827586206895,0.0974748846049418
"Bronx Tale, A (1993)",3.8545454545454563,3.9519230769230766,0.09737762237762038
"Nightmare Before Christmas, The (1993)",3.646840148698885,3.744154057771664,0.09731390907277904
Tequila Sunrise (1988),3.014084507042253,3.1106382978723404,0.0965537908300873
"Bridge on the River Kwai, The (1957)",4.304964539007091,4.401505646173148,0.09654110716605668
"Misérables, Les (1998)",3.698924731182797,3.7951807228915664,0.09625599170876953
"Godfather: Part III, The (1990)",3.267123287671233,3.3630573248407645,0.09593403716953164
Seven Samurai (The Magnificent Seven) (Shichinin no samurai) (1954),4.481132075471698,4.576628352490421,0.09549627701872332
Blood Simple (1984),4.140350877192983,4.235408560311283,0.09505768311830032
Rocky IV (1985),2.5609756097560976,2.6556886227544907,0.09471301299839308
Deep Impact (1998),3.088607594936709,3.1831750339213025,0.09456743898459363
Ghostbusters (1984),3.833962264150944,3.9285281647486365,0.09456590059769265
"Doors, The (1991)",3.3371428571428567,3.431683168316832,0.09454031117397532
"Adventures of Buckaroo Bonzai Across the 8th Dimension, The (1984)",3.3085106382978724,3.4023210831721467,0.09381044487427426
Highlander (1986),3.7672413793103448,3.8608,0.09355862068965504
"Insider, The (1999)",3.99170124481328,4.08398133748056,0.09228009266727977
Pinocchio (1940),3.6866666666666665,3.778735632183908,0.09206896551724153
Repo Man (1984),3.607692307692308,3.698872785829308,0.09118047813699981
Loaded Weapon 1 (1993),2.6842105263157894,2.774336283185841,0.09012575687005153
In the Line of Fire (1993),3.751412429378531,3.8415094339622633,0.09009700458373215
Patriot Games (1992),3.675824175824176,3.7655172413793103,0.08969306555513423
Airplane II: The Sequel (1982),2.90625,2.9956709956709955,0.08942099567099548
Mister Roberts (1955),4.079545454545454,4.168168168168168,0.08862271362271379
"Flamingo Kid, The (1984)",3.1315789473684217,3.2201834862385317,0.08860453887011
Cat Ballou (1965),3.6,3.688372093023256,0.08837209302325588
Mission to Mars (2000),2.522058823529412,2.6103500761035012,0.0882912525740891
Dr. Strangelove or: How I Learned to Stop Worrying and Love the Bomb (1963),4.376623376623376,4.464788732394366,0.0881653557709896
Babe: Pig in the City (1998),3.2303030303030305,3.3184357541899443,0.08813272388691384
"Secret of NIMH, The (1982)",3.783132530120482,3.870629370629371,0.08749684050888895
Eraser (1996),3.048387096774193,3.135678391959799,0.08729129518560574
Shall We Dance? (Shall We Dansu?) (1996),4.087248322147651,4.174129353233831,0.08688103108617984
Vacation (1983),3.7714285714285714,3.858108108108108,0.08667953667953654
"Odd Couple, The (1968)",3.9670329670329667,4.053691275167785,0.08665830813481845
"Name of the Rose, The (1986)",3.8333333333333335,3.918604651162792,0.0852713178294584
"Apostle, The (1997)",3.6640625,3.749271137026239,0.08520863702623904
"Cell, The (2000)",3.194029850746269,3.278625954198473,0.08459610345220403
GoldenEye (1995),3.470149253731343,3.553050397877984,0.08290114414664096
Escape from the Planet of the Apes (1971),2.9718309859154934,3.0535714285714284,0.08174044265593494
True Grit (1969),3.6666666666666665,3.7482014388489207,0.08153477218225413
Cruel Intentions (1999),3.1605839416058394,3.2417061611374414,0.08112221953160192
High Fidelity (2000),3.8700265251989374,3.9508032128514055,0.08077668765246804
Taxi Driver (1976),4.1195219123505975,4.2002022244691615,0.08068031211856397
54 (1998),2.701754385964912,2.782178217821781,0.0804238318568693
"Man with the Golden Gun, The (1974)",3.5593220338983054,3.639303482587065,0.07998144868875956
Bringing Out the Dead (1999),3.0086206896551726,3.08843537414966,0.07981468449448759
October Sky (1999),4.0813953488372094,4.1610576923076925,0.07966234347048307
Road Trip (2000),3.2,3.2796610169491527,0.07966101694915251
Rudy (1993),3.5533980582524274,3.632707774798929,0.07930971654650154
"Conversation, The (1974)",4.1875,4.266106442577032,0.07860644257703164
I Know What You Did Last Summer (1997),2.5726495726495733,2.650837988826816,0.07818841617724281
"Firm, The (1993)",3.4913793103448274,3.569256756756757,0.07787744641192962
Little Voice (1998),3.6428571428571432,3.7205882352941178,0.07773109243697451
"Karate Kid, The (1984)",3.36,3.4375,0.07750000000000012
Kelly's Heroes (1970),3.838709677419355,3.9156976744186047,0.07698799699924974
Sweet and Lowdown (1999),3.6463414634146334,3.7233009708737854,0.07695950745915203
Back to the Future (1985),3.932707355242567,4.00925925925926,0.07655190401669332
Analyze This (1999),3.3392857142857144,3.415178571428572,0.07589285714285765
Citizen Kane (1941),4.332142857142856,4.407894736842105,0.0757518796992489
"Towering Inferno, The (1974)",2.958333333333333,3.0321100917431187,0.0737767584097857
Friday the 13th (1980),2.983050847457627,3.0542635658914734,0.07121271843384624
Wes Craven's New Nightmare (1994),2.761904761904762,2.832535885167464,0.07063112326270193
"Dead Zone, The (1983)",3.6428571428571432,3.713355048859935,0.07049790600279193
Lord of the Flies (1963),3.6145833333333335,3.684824902723735,0.07024156939040171
Fight Club (1999),4.020979020979021,4.09098712446352,0.07000810348449882
As Good As It Gets (1997),3.902654867256637,3.9722222222222223,0.06956735496558553
Grand Canyon (1991),3.4387755102040822,3.5080645161290325,0.06928900592495024
"Thirteenth Floor, The (1999)",3.1323529411764706,3.20123839009288,0.06888544891640924
"Game, The (1997)",3.85945945945946,3.928263988522238,0.06880452906277812
Mystery Men (1999),2.9572192513368982,3.0255255255255253,0.06830627418862711
Ghost in the Shell (Kokaku kidotai) (1995),4.0285714285714285,4.096774193548387,0.06820276497695854
"Fisher King, The (1991)",3.578181818181818,3.6462686567164178,0.06808683853459963
Bram Stoker's Dracula (1992),3.2937853107344632,3.361616161616161,0.06783085088169782
Network (1976),3.968152866242038,4.03578154425612,0.06762867801408223
"Dirty Dozen, The (1967)",3.943661971830986,4.011006289308176,0.06734431747718972
Who's Afraid of Virginia Woolf? (1966),4.02970297029703,4.096938775510204,0.06723580521317452
Wild Things (1998),3.392,3.459081836327345,0.0670818363273451
Any Given Sunday (1999),3.0729166666666665,3.13953488372093,0.06661821705426352
"Maltese Falcon, The (1941)",4.3446808510638295,4.410891089108911,0.0662102380450813
Little Big Man (1970),3.991869918699187,4.057692307692308,0.06582238899312154
Dinosaur (2000),3.1666666666666665,3.2322097378277155,0.06554307116104896
Marathon Man (1976),3.875,3.940476190476192,0.06547619047619202
Disclosure (1994),3.12280701754386,3.1878172588832485,0.06501024133938849
"Fly II, The (1989)",2.257142857142857,2.321285140562249,0.06414228341939188
Keeping the Faith (2000),3.7065868263473054,3.7701863354037273,0.06359950905642187
Sneakers (1992),3.675392670157069,3.738888888888889,0.06349621873181999
Amistad (1997),3.6704545454545454,3.7338403041825097,0.06338575872796426
Three Kings (1999),3.756476683937824,3.818840579710145,0.062363895772321154
Menace II Society (1993),3.5517241379310347,3.613382899628253,0.06165876169721818
"Grapes of Wrath, The (1940)",4.088888888888889,4.1502590673575135,0.061370178468624914
Weird Science (1985),3.375,3.435960591133005,0.06096059113300489
Forrest Gump (1994),4.045031055900621,4.105806451612904,0.060775395712282965
Prizzi's Honor (1985),3.55,3.6103896103896105,0.06038961038961066
Scream (1996),3.5294117647058822,3.5894428152492672,0.06003105054338498
Pitch Black (2000),3.25,3.3095238095238093,0.05952380952380931
Mars Attacks! (1996),2.8505747126436782,2.91,0.05942528735632191
American History X (1998),4.181818181818182,4.2407407407407405,0.05892255892255882
Manhattan Murder Mystery (1993),3.679611650485437,3.7370689655172415,0.05745731503180451
Monty Python's Life of Brian (1979),3.9722222222222223,4.029490616621984,0.05726839439976139
Westworld (1973),3.3717948717948723,3.42831541218638,0.05652054039150789
Reindeer Games (2000),2.7222222222222223,2.7787234042553197,0.0565011820330974
Tin Men (1987),3.28125,3.3376623376623376,0.05641233766233755
End of Days (1999),2.5824175824175826,2.638477801268499,0.0560602188509165
"13th Warrior, The (1999)",3.112,3.168,0.05600000000000005
Mercury Rising (1998),2.959183673469388,3.0139534883720933,0.05476981490270516
Billy Madison (1995),3.141025641025641,3.194945848375452,0.053920207349810845
Young Guns (1988),3.3717948717948723,3.4256198347107434,0.05382496291587113
Fantastic Voyage (1966),3.5357142857142856,3.589041095890411,0.053326810176125505
"Few Good Men, A (1992)",3.8913857677902617,3.944584382871537,0.053198615081275324
"Rainmaker, The (1997)",3.533980582524272,3.5871559633027523,0.053175380778480275
"Big Sleep, The (1946)",4.272,4.324519230769232,0.052519230769231484
"Last Temptation of Christ, The (1988)",3.4915254237288136,3.5435897435897434,0.05206431986092985
"Verdict, The (1982)",3.8260869565217392,3.8780487804878048,0.05196182396606552
"World Is Not Enough, The (1999)",3.3375,3.388888888888889,0.05138888888888893
Fargo (1996),4.21765601217656,4.267780172413794,0.05012416023723354
Butch Cassidy and the Sundance Kid (1969),4.175862068965517,4.225863596102746,0.05000152713722894
Brazil (1985),4.05625,4.106241699867199,0.049991699867198314
Rob Roy (1995),3.5517241379310347,3.6014669926650367,0.04974285473400197
Primary Colors (1998),3.523809523809524,3.5725806451612905,0.04877112135176631
"Spy Who Loved Me, The (1977)",3.565217391304348,3.61244019138756,0.04722280008321178
Indiana Jones and the Last Crusade (1989),4.096096096096096,4.142857142857143,0.04676104676104753
Waterworld (1995),2.5934959349593494,2.640151515151515,0.04665558019216576
Fallen (1998),3.35,3.3961038961038965,0.046103896103896425
Under Siege (1992),3.2295081967213117,3.275,0.04549180327868818
Henry V (1989),4.252427184466018,4.2972136222910216,0.044786437825003134
"Mosquito Coast, The (1986)",3.3240740740740735,3.3687150837988837,0.04464100972481022
Dolores Claiborne (1994),3.4237288135593222,3.467532467532469,0.04380365397314678
Striptease (1996),2.15,2.19327731092437,0.04327731092437004
Defending Your Life (1991),3.6504065040650406,3.693498452012384,0.04309194794734328
Ransom (1996),3.4473684210526314,3.4902912621359223,0.04292284108329092
Heaven Can Wait (1978),3.588888888888889,3.631372549019608,0.0424836601307188
Battlefield Earth (2000),1.574468085106383,1.616949152542373,0.042481067435989894
Bonnie and Clyde (1967),4.064327485380117,4.106796116504855,0.042468631124737755
Secrets & Lies (1996),4.0146341463414625,4.055762081784387,0.04112793544292437
Bowfinger (1999),3.230769230769232,3.2709766162310867,0.04020738546185454
"Negotiator, The (1998)",3.575539568345324,3.6151515151515152,0.03961194680619107
Poltergeist (1982),3.653631284916201,3.6931818181818175,0.039550533265616306
M*A*S*H (1970),4.093023255813954,4.132352941176471,0.03932968536251735
"20,000 Leagues Under the Sea (1954)",3.6701030927835046,3.709205020920502,0.03910192813699753
"Amityville Horror, The (1979)",2.9078947368421053,2.946236559139785,0.038341822297679684
Rules of Engagement (2000),3.317073170731707,3.3550295857988166,0.03795641506710945
Quiz Show (1994),3.731958762886598,3.7690802348336594,0.03712147194706139
Seven Years in Tibet (1997),3.4019607843137254,3.4384615384615387,0.036500754147813286
Enemy of the State (1998),3.6574585635359123,3.693928128872367,0.036469565336454846
Superman II (1980),3.1343283582089554,3.169943820224719,0.03561546201576382
Misery (1990),3.8,3.834080717488789,0.03408071748878916
Alien³ (1992),3.0082644628099167,3.0422885572139298,0.034024094404013105
Cliffhanger (1993),3.055555555555556,3.0889261744966436,0.03337061894108784
Bananas (1971),3.808823529411765,3.842105263157895,0.03328173374613019
Get Shorty (1995),3.5979020979020984,3.630841121495327,0.032939023593228534
Lethal Weapon (1987),3.860681114551084,3.8934049079754596,0.03272379342437537
Ulee's Gold (1997),3.63953488372093,3.6722222222222216,0.032687338501291574
Backdraft (1991),3.4153005464480874,3.4475218658892133,0.03222131944112583
Spaceballs (1987),3.25748502994012,3.2896174863387984,0.03213245639867823
Courage Under Fire (1996),3.52991452991453,3.561728395061728,0.03181386514719797
"Lord of the Rings, The (1978)",3.306451612903226,3.3377659574468086,0.03131434454358262
To Die For (1995),3.4025974025974026,3.433333333333333,0.030735930735930506
"Abyss, The (1989)",3.6592356687898087,3.689507494646681,0.03027182585687216
Howard the Duck (1986),2.074626865671642,2.103542234332425,0.02891536866078326
Interview with the Vampire (1994),3.5027932960893846,3.5313059033989265,0.02851260730954186
Soldier (1998),2.9047619047619047,2.933085501858736,0.02832359709683141
Muriel's Wedding (1994),3.662393162393162,3.6901408450704243,0.027747682677262464
Die Hard 2 (1990),3.5193370165745854,3.5461215932914047,0.02678457671681933
Mickey Blue Eyes (1999),2.8503401360544216,2.8770764119601333,0.026736275905711704
Mumford (1999),3.5301204819277108,3.556701030927836,0.02658054900012541
North by Northwest (1959),4.364457831325302,4.390640895218718,0.026183063893416403
Shanghai Noon (2000),3.634146341463415,3.6602870813397126,0.026140739876297392
"Contender, The (2000)",3.761904761904762,3.7879858657243815,0.02608110381961959
Bullets Over Broadway (1994),3.681159420289855,3.7066246056782335,0.025465185388378497
Apollo 13 (1995),4.0548780487804885,4.080173347778982,0.025295298998493365
Best in Show (2000),4.05607476635514,4.081264108352144,0.025189341997004178
Six Degrees of Separation (1993),3.8070175438596485,3.830845771144279,0.023828227284630632
"Graduate, The (1967)",4.229333333333333,4.252821670428894,0.023488337095560752
"Perfect Murder, A (1998)",3.355371900826446,3.378571428571429,0.023199527744982795
"Last of the Mohicans, The (1992)",3.795555555555557,3.818666666666666,0.023111111111109306
Six Days Seven Nights (1998),2.8954248366013067,2.918238993710692,0.02281415710938539
Meet the Parents (2000),3.6190476190476177,3.641838351822504,0.02279073277488619
Bulworth (1998),3.418181818181818,3.4408817635270537,0.022699945345235673
Gladiator (2000),4.088311688311689,4.110461338531514,0.02214965021982529
"Fly, The (1958)",3.3406593406593412,3.362467866323908,0.02180852566456659
"Shawshank Redemption, The (1994)",4.539074960127592,4.560625,0.021550039872408
Far and Away (1992),3.3566878980891715,3.3780487804878048,0.02136088239863332
Executive Decision (1996),3.328125,3.3494318181818183,0.021306818181818343
Fantasia (1940),3.890070921985816,3.9107413010590015,0.020670379073185696
Sleepy Hollow (1999),3.501818181818182,3.5221238938053103,0.020305711987128383
Hamlet (1990),3.7157894736842105,3.7356321839080464,0.01984271022383588
Breaking Away (1979),4.066176470588236,4.0859375,0.01976102941176361
"Player, The (1992)",3.9486166007905137,3.968275862068965,0.01965926127845119
Weekend at Bernie's (1989),2.7790697674418605,2.7979094076655047,0.01883964022364415
Instinct (1999),3.121212121212121,3.14,0.01878787878787902
Teenage Mutant Ninja Turtles (1990),2.6633663366336635,2.6812933025404155,0.017926965906752024
Ferris Bueller's Day Off (1986),4.10443864229765,4.122018348623853,0.017579706326203315
Glory (1989),4.179372197309418,4.196850393700787,0.017478196391369494
Maverick (1994),3.5098039215686274,3.526964560862866,0.0171606392942385
"Unbearable Lightness of Being, The (1988)",3.5568181818181817,3.5730337078651684,0.016215526046986728
"Gods Must Be Crazy, The (1980)",3.7142857142857135,3.730337078651685,0.016051364365971654
"Blue Lagoon, The (1980)",2.3217391304347825,2.3376623376623376,0.015923207227555025
Toy Story 2 (1999),4.208237986270023,4.2229965156794425,0.014758529409419019
Grumpy Old Men (1993),3.4055299539170507,3.418918918918919,0.013388965001868147
Big Daddy (1999),3.125,3.138385502471169,0.013385502471169097
Jackie Brown (1997),3.678571428571429,3.691780821917808,0.013209393346379272
Grosse Pointe Blank (1997),3.8038585209003215,3.816969696969697,0.013111176069375396
"Purple Rose of Cairo, The (1985)",3.5902777777777777,3.6029850746268655,0.012707296849087779
In the Name of the Father (1993),3.892156862745098,3.9047619047619047,0.012605042016806678
Antz (1998),3.4745762711864407,3.4871794871794872,0.01260321599304648
Pi (1998),3.7809523809523813,3.793307086614173,0.012354705661791865
True Lies (1994),3.625386996904025,3.636954503249768,0.011567506345742995
Modern Times (1936),4.227272727272728,4.2384937238493725,0.011220996576644104
Coneheads (1993),2.597938144329897,2.6077981651376145,0.009860020807717529
Flatliners (1990),3.2477876106194685,3.256666666666667,0.008879056047198297
"Thomas Crown Affair, The (1968)",3.593220338983051,3.601809954751132,0.008589615768081149
Almost Famous (2000),4.2202166064981945,4.228730822873082,0.008514216374887695
Around the World in 80 Days (1956),3.5961538461538463,3.6036866359447006,0.007532789790854366
Boogie Nights (1997),3.763837638376384,3.771295215869313,0.0074575774929290795
Take the Money and Run (1969),4.045454545454546,4.052884615384615,0.007430069930069116
James and the Giant Peach (1996),3.459627329192547,3.4670329670329667,0.007405637840419921
Breaker Morant (1980),4.096774193548387,4.104026845637584,0.00725265208919712
Death Becomes Her (1992),2.747663551401869,2.7543103448275863,0.006646793425717501
"Straight Story, The (1999)",4.051470588235294,4.0580204778157,0.006549889580405477
Bicentennial Man (1999),2.9010989010989015,2.9075342465753424,0.006435345476440979
Swamp Thing (1982),2.5294117647058822,2.5355648535564854,0.006153088850603172
Dumbo (1941),3.685,3.690217391304348,0.005217391304348062
"Usual Suspects, The (1995)",4.513317191283293,4.518248175182482,0.004930983899188668
Can't Hardly Wait (1998),3.2352941176470584,3.2401960784313726,0.004901960784314152
Shallow Grave (1994),3.8904109589041096,3.895,0.004589041095890423
Licence to Kill (1989),3.1960784313725488,3.2005988023952097,0.004520371022660896
I Still Know What You Did Last Summer (1998),2.2,2.2044444444444444,0.004444444444444251
"X-Files: Fight the Future, The (1998)",3.4894736842105263,3.4937965260545907,0.004322841844064396
"Grifters, The (1990)",3.7857142857142856,3.7897125567322236,0.003998271017938038
"Fugitive, The (1993)",4.100456621004566,4.104046242774566,0.0035896217699997734
Frankenstein (1931),3.9726027397260273,3.975975975975976,0.0033732362499487856
Days of Thunder (1990),2.8045977011494254,2.807807807807808,0.0032101066583827276
Cape Fear (1991),3.668831168831169,3.671669793621013,0.00283862478984398
Cat on a Hot Tin Roof (1958),4.046296296296297,4.049079754601227,0.0027834583049299866
"Nightmare on Elm Street Part 2: Freddy's Revenge, A (1985)",2.3191489361702127,2.3215859030837005,0.002436966913487826
Good Will Hunting (1997),4.17467248908297,4.177064220183486,0.002391731100516381
Indiana Jones and the Temple of Doom (1984),3.6743119266055047,3.676567656765677,0.00225573016017222
Miracle on 34th Street (1947),3.959016393442623,3.9612403100775193,0.0022239166348962947
Fatal Attraction (1987),3.66804979253112,3.670231729055258,0.002181936524138006
Dune (1984),3.3543307086614167,3.356495468277945,0.0021647596165284
Robin Hood: Prince of Thieves (1991),3.161290322580645,3.1633466135458166,0.00205629096517157
Trainspotting (1996),3.958974358974359,3.9604316546762575,0.0014572957018983423
Jerry Maguire (1996),3.758314855875832,3.759423503325942,0.0011086474501103005
"Mystery, Alaska (1999)",3.4347826086956523,3.4357798165137616,0.0009972078181093025
Tender Mercies (1983),3.905405405405405,3.9052631578947365,-0.00014224751066826968
Running Scared (1986),3.3846153846153846,3.381818181818182,-0.002797202797202747
Batman Returns (1992),2.9800995024875623,2.9759036144578315,-0.00419588802973081
Roger & Me (1989),4.0777777777777775,4.072815533980583,-0.0049622437971947875
Do the Right Thing (1989),3.8857142857142857,3.87953795379538,-0.006176331918905653
Vertigo (1958),4.27777777777778,4.27123695976155,-0.006540818016230077
"Green Mile, The (1999)",4.1597222222222205,4.153104925053533,-0.006617297168687308
Hamlet (1996),3.962962962962963,3.956204379562044,-0.006758583400918727
Dick Tracy (1990),2.6885245901639343,2.6812749003984058,-0.007249689765528533
Searching for Bobby Fischer (1993),3.983240223463688,3.975970425138632,-0.00726979832505581
Meet Joe Black (1998),3.2580645161290325,3.25,-0.008064516129032473
Chicken Run (2000),3.885558583106267,3.8773388773388775,-0.008219705767389396
Serpico (1973),3.98936170212766,3.9800498753117206,-0.009311826815939561
"Blair Witch Project, The (1999)",3.038732394366197,3.0293809024134313,-0.009351491952765745
Robocop 2 (1990),2.3902439024390243,2.380530973451328,-0.00971292898769649
Dances with Wolves (1990),3.9226519337016574,3.9127640036730944,-0.00988793002856303
Arlington Road (1999),3.5126582278481013,3.5021008403361344,-0.010557387511966887
"Hand That Rocks the Cradle, The (1992)",3.1428571428571432,3.1322314049586777,-0.010625737898465548
Pleasantville (1998),3.704615384615384,3.693877551020409,-0.010737833594975044
Rear Window (1954),4.484536082474226,4.472990777338604,-0.011545305135621575
U.S. Marshalls (1998),3.1818181818181817,3.1701570680628266,-0.011661113755355057
That Thing You Do! (1996),3.488888888888889,3.4770114942528734,-0.011877394636015559
Freejack (1992),2.4285714285714284,2.4166666666666665,-0.011904761904761862
Kalifornia (1993),3.390625,3.3782608695652168,-0.012364130434783238
Them! (1954),3.45,3.4375,-0.012500000000000178
"Sex, Lies, and Videotape (1989)",3.622857142857143,3.609819121447028,-0.013038021410115341
Alice in Wonderland (1951),3.7058823529411766,3.692307692307693,-0.01357466063348367
Midnight Express (1978),4.017857142857143,4.00418410041841,-0.01367304243873324
"City of Lost Children, The (1995)",4.073529411764706,4.059701492537314,-0.013827919227392016
Sleepers (1996),3.5612244897959178,3.5471014492753623,-0.014123040520555463
It's a Wonderful Life (1946),4.31,4.294896030245747,-0.015103969754252766
"Untouchables, The (1987)",4.021164021164021,4.005330490405116,-0.015833530758905034
"Third Man, The (1949)",4.466019417475729,4.448275862068964,-0.017743555406764422
M (1931),4.316666666666666,4.298387096774194,-0.01827956989247248
Gandhi (1982),4.155555555555557,4.136456211812627,-0.019099343742929875
Mad Max Beyond Thunderdome (1985),3.1826923076923075,3.163430420711974,-0.019261886980333376
"Poseidon Adventure, The (1972)",3.4705882352941178,3.451292246520876,-0.019295988773241568
From Here to Eternity (1953),4.110091743119266,4.090196078431372,-0.019895664687894055
"Fifth Element, The (1997)",3.657407407407408,3.6373815676141263,-0.02002583979328154
American Movie (1999),4.028985507246377,4.008849557522123,-0.0201359497242537
Rebel Without a Cause (1955),3.9380530973451333,3.916955017301038,-0.02109808004409519
Mission: Impossible (1996),3.449685534591195,3.4284532671629444,-0.021232267428250573
Shaft (2000),3.25974025974026,3.2383720930232562,-0.02136816671700359
"Perfect Storm, The (2000)",3.368181818181818,3.3467843631778056,-0.021397455004012578
Cape Fear (1962),3.9381443298969065,3.9166666666666665,-0.02147766323024003
"Jungle Book, The (1967)",3.8310502283105023,3.808988764044944,-0.022061464265558328
Body Snatchers (1993),3.1,3.0776255707762563,-0.022374429223743775
"Absent Minded Professor, The (1961)",3.4693877551020407,3.4468085106382977,-0.02257924446374293
"Addams Family, The (1991)",3.186170212765957,3.1634980988593155,-0.022672113906641478
Stir of Echoes (1999),3.6442307692307687,3.6214099216710185,-0.022820847559750224
Broadcast News (1987),3.7633587786259537,3.740037950664137,-0.023320827961816892
Malcolm X (1992),3.9210526315789473,3.897506925207756,-0.023545706371191244
"Virgin Suicides, The (1999)",3.646551724137931,3.6226415094339615,-0.02391021470396959
Three Colors: Red (1994),4.2434782608695665,4.219178082191782,-0.02430017867778478
Mission: Impossible 2 (2000),3.2156862745098036,3.1909262759924384,-0.02475999851736521
Yellow Submarine (1968),3.7142857142857135,3.6892857142857145,-0.024999999999999023
"Commitments, The (1991)",3.8488372093023258,3.823834196891192,-0.025003012411133785
Midnight in the Garden of Good and Evil (1997),3.2711864406779663,3.246119733924612,-0.025066706753354318
Mystery Science Theater 3000: The Movie (1996),3.7,3.6748633879781423,-0.025136612021857907
Mortal Kombat (1995),2.810810810810811,2.7846715328467155,-0.02613927796409543
Bob Roberts (1992),3.7547169811320753,3.728155339805826,-0.026561641326249497
Top Gun (1986),3.706349206349208,3.6794195250659625,-0.026929681283245355
"Man with Two Brains, The (1983)",3.25,3.2217741935483866,-0.028225806451613433
Frequency (2000),3.7810945273631833,3.7516129032258063,-0.029481624137376983
City Slickers II: The Legend of Curly's Gold (1994),2.602409638554217,2.5728155339805827,-0.029594104573634095
"Stepford Wives, The (1975)",3.3289473684210527,3.2991071428571432,-0.029840225563909417
Empire Records (1995),3.0657894736842106,3.035897435897436,-0.029892037786774406
Hud (1963),4.044117647058823,4.0142180094786735,-0.029899637580149907
Old Yeller (1957),3.725274725274725,3.695238095238096,-0.030036630036629042
"War of the Worlds, The (1953)",3.885245901639344,3.85515873015873,-0.030087171480614128
Teenage Mutant Ninja Turtles II: The Secret of the Ooze (1991),2.152173913043478,2.1219512195121952,-0.030222693531282818
Metropolis (1926),4.107692307692306,4.077399380804954,-0.030292926887352856
"Madness of King George, The (1994)",3.746153846153846,3.7154150197628457,-0.03073882639100045
Young Guns II (1990),2.9347826086956523,2.9040247678018574,-0.030757840893794963
Gone in 60 Seconds (2000),3.0,2.967948717948718,-0.03205128205128194
"Manchurian Candidate, The (1962)",4.3588235294117625,4.326050420168067,-0.032773109243695586
Scrooged (1988),3.504672897196261,3.471882640586797,-0.03279025660946422
2010 (1984),3.4468085106382977,3.41371158392435,-0.033096926713947816
"Jackal, The (1997)",3.1063829787234036,3.0724137931034483,-0.03396918561995532
Small Time Crooks (2000),3.3960396039603973,3.361940298507463,-0.03409930545293438
"House on Haunted Hill, The (1999)",2.333333333333333,2.2992125984251968,-0.034120734908136274
Night of the Comet (1984),3.125,3.0901287553648067,-0.03487124463519331
So I Married an Axe Murderer (1993),3.4095744680851063,3.3744939271255063,-0.035080540959600004
Rambo III (1988),2.375,2.339350180505415,-0.0356498194945849
Eat Drink Man Woman (1994),4.095890410958904,4.06,-0.03589041095890444
Ruthless People (1986),3.4878048780487805,3.4517045454545454,-0.03610033259423506
"Honey, I Shrunk the Kids (1989)",2.9606299212598426,2.9241466498103668,-0.03648327144947583
"Perfect World, A (1993)",3.5535714285714284,3.5158730158730163,-0.03769841269841212
"Black Hole, The (1979)",2.8076923076923075,2.7695167286245352,-0.03817557906777225
Guess Who's Coming to Dinner (1967),3.946428571428572,3.907563025210084,-0.038865546218488145
Harold and Maude (1971),4.1923076923076925,4.153374233128834,-0.0389334591788586
Popeye (1980),2.625,2.5858310626703,-0.03916893732970017
"Karate Kid III, The (1989)",2.1555555555555554,2.116182572614108,-0.03937298294144753
Demolition Man (1993),3.0273972602739727,2.9876543209876543,-0.039742939286318446
Twister (1996),3.204460966542752,3.164090368608799,-0.040370597933953256
Atlantic City (1980),3.863013698630137,3.8225108225108224,-0.04050287611931447
What About Bob? (1991),3.4292929292929286,3.3877221324717284,-0.04157079682120024
"Ref, The (1994)",3.5641025641025643,3.5223880597014925,-0.04171450440107183
Beetlejuice (1988),3.599462365591398,3.557435440783616,-0.04202692480778181
"Brady Bunch Movie, The (1995)",2.9365079365079363,2.8938356164383565,-0.04267232006957977
"Civil Action, A (1998)",3.391891891891892,3.3491379310344827,-0.042753960857409457
Doctor Zhivago (1965),4.094972067039106,4.051948051948052,-0.04302401509105369
"Streetcar Named Desire, A (1951)",4.254777070063694,4.211656441717792,-0.04312062834590247
Outbreak (1995),3.303448275862069,3.2602040816326534,-0.04324419422941572
Speed 2: Cruise Control (1997),1.9066666666666667,1.8630136986301369,-0.04365296803652985
"Mrs. Brown (Her Majesty, Mrs. Brown) (1997)",3.8984375,3.854014598540146,-0.044422901459853836
Lethal Weapon 2 (1989),3.5819209039548023,3.537170263788969,-0.0447506401658333
Go (1999),3.891304347826087,3.8461538461538463,-0.04515050167224066
Cinema Paradiso (1988),4.317535545023697,4.272277227722772,-0.045258317300924666
Candyman (1992),2.9411764705882355,2.8957345971563977,-0.04544187343183781
"Truman Show, The (1998)",3.895522388059701,3.849389416553597,-0.04613297150610407
Being John Malkovich (1999),4.1599297012302285,4.113636363636363,-0.046293337593865225
Snow White and the Seven Dwarfs (1937),3.876494023904383,3.830078125,-0.046415898904383024
"Sweet Hereafter, The (1997)",4.076923076923077,4.03030303030303,-0.046620046620046374
"Red Violin, The (Le Violon rouge) (1998)",3.994475138121547,3.9477611940298503,-0.046713944091696824
"Mummy, The (1999)",3.3596059113300494,3.3121890547263684,-0.047416856603681
Rumble in the Bronx (1995),3.4857142857142858,3.438,-0.0477142857142856
About Last Night... (1986),3.1886792452830184,3.140909090909091,-0.04777015437392729
"Cider House Rules, The (1999)",3.9863013698630136,3.9369918699186974,-0.049309499944316215
Sling Blade (1996),4.245033112582782,4.195428571428572,-0.04960454115420987
Young Frankenstein (1974),4.289962825278811,4.2391774891774885,-0.05078533610132219
Face/Off (1997),3.4431818181818183,3.3915298184961107,-0.05165199968570766
Drugstore Cowboy (1989),3.96,3.9082278481012658,-0.05177215189873419
"Honey, I Blew Up the Kid (1992)",2.295918367346939,2.243816254416961,-0.052102112929977906
Titan A.E. (2000),3.4266666666666667,3.3739130434782614,-0.052753623188405374
"Postino, Il (The Postman) (1994)",4.125628140703518,4.072847682119205,-0.05278045858431302
"Christmas Story, A (1983)",4.278592375366569,4.225519287833828,-0.05307308753274054
"Island of Dr. Moreau, The (1996)",2.2452830188679247,2.1918819188191883,-0.05340110004873644
"Princess Bride, The (1987)",4.3427672955974845,4.288941736028537,-0.05382555956894741
Encino Man (1992),2.5428571428571427,2.4887892376681613,-0.05406790518898141
Lone Star (1996),4.1234567901234565,4.068376068376068,-0.05508072174738832
8MM (1999),2.90625,2.8509615384615383,-0.055288461538461675
Mighty Aphrodite (1995),3.6793893129770994,3.6233333333333335,-0.05605597964376585
"Man Who Would Be King, The (1975)",4.176470588235294,4.119691119691121,-0.05677946854417382
Toy Story (1995),4.187817258883249,4.1305518169582776,-0.057265441924971405
Natural Born Killers (1994),3.1929824561403515,3.13481228668942,-0.058170169450931564
"Ghost and the Darkness, The (1996)",3.375,3.3168044077134984,-0.05819559228650162
History of the World: Part I (1981),3.639344262295082,3.5806451612903225,-0.0586991010047595
Swiss Family Robinson (1960),3.6301369863013697,3.571428571428572,-0.058708414872797654
Gattaca (1997),3.757847533632287,3.6990632318501167,-0.058784301782170534
What's Eating Gilbert Grape (1993),3.879668049792531,3.8207964601769913,-0.05887158961553984
I.Q. (1994),3.305555555555556,3.2466367713004485,-0.058918784255107326
"Talented Mr. Ripley, The (1999)",3.5441527446300713,3.4846491228070176,-0.0595036218230538
Heavenly Creatures (1994),3.9034090909090913,3.843853820598007,-0.05955527031108421
Murder at 1600 (1997),3.0694444444444446,3.0095693779904304,-0.05987506645401419
Sliding Doors (1998),3.823809523809524,3.763779527559055,-0.0600299962504689
Cool Runnings (1993),3.282051282051282,3.2218181818181817,-0.060233100233100245
L.A. Story (1991),3.75,3.6893039049236,-0.06069609507640017
Carrie (1976),3.6503496503496495,3.5896226415094334,-0.06072700884021609
Shine (1996),3.845771144278607,3.7838616714697406,-0.06190947280886627
EDtv (1999),3.2446808510638303,3.1826923076923075,-0.06198854337152282
Radio Days (1987),3.743589743589743,3.681159420289855,-0.06243032329988818
My Cousin Vinny (1992),3.831034482758621,3.7675879396984926,-0.06344654306012831
Chariots of Fire (1981),3.843373493975904,3.77991452991453,-0.06345896406137408
Kiss the Girls (1997),3.3813559322033897,3.3176895306859207,-0.06366640151746905
"Bicycle Thief, The (Ladri di biciclette) (1948)",4.407407407407407,4.343434343434343,-0.06397306397306401
"Producers, The (1968)",4.193548387096774,4.129224652087475,-0.06432373500929867
Bull Durham (1988),3.886363636363636,3.8219013237063777,-0.0644623126572581
Harry and the Hendersons (1987),2.7654320987654315,2.700460829493088,-0.06497126927234342
Klute (1971),3.8539325842696632,3.788732394366197,-0.06520018990346621
Three Amigos! (1986),3.171717171717172,3.1063829787234036,-0.06533419299376853
In the Heat of the Night (1967),4.177777777777779,4.112403100775194,-0.06537467700258492
Eye of the Beholder (1999),2.1818181818181817,2.1157894736842104,-0.06602870813397121
"Faculty, The (1998)",2.8315789473684214,2.7655502392344498,-0.06602870813397166
Stand by Me (1986),4.146341463414634,4.080209895052474,-0.06613156836216039
Bringing Up Baby (1938),4.209876543209877,4.143426294820717,-0.06645024838915958
Rain Man (1988),4.101648351648351,4.0351966873706,-0.06645166427775084
Phenomenon (1996),3.5394736842105265,3.4727272727272727,-0.06674641148325389
Nineteen Eighty-Four (1984),3.7777777777777777,3.710743801652893,-0.06703397612488482
Pacific Heights (1990),3.3069306930693068,3.239884393063584,-0.06704630000572287
Jaws 2 (1978),2.647058823529412,2.579937304075235,-0.06712151945417721
Big Night (1996),4.141843971631205,4.074433656957929,-0.06741031467327652
Sleeper (1973),4.0347222222222205,3.966666666666667,-0.06805555555555376
Christine (1983),3.117647058823529,3.0495495495495497,-0.06809750927397928
Election (1999),3.98034398034398,3.9121076233183856,-0.06823635702559461
Women on the Verge of a Nervous Breakdown (1988),3.9343065693430654,3.8657407407407414,-0.06856582860232407
Barbarella (1968),3.072463768115942,3.003154574132492,-0.06930919398344981
Rosencrantz and Guildenstern Are Dead (1990),4.037037037037037,3.9672131147540974,-0.06982392228293977
Schindler's List (1993),4.56260162601626,4.491415038484309,-0.07118658753195106
"Englishman Who Went Up a Hill, But Came Down a Mountain, The (1995)",3.3142857142857145,3.242857142857144,-0.07142857142857029
"Secret of Roan Inish, The (1994)",3.8947368421052633,3.8225806451612905,-0.0721561969439728
Bambi (1942),3.7886597938144333,3.713924050632911,-0.0747357431815221
"Quick and the Dead, The (1995)",3.042553191489361,2.9676549865229123,-0.07489820496644883
Mr. Holland's Opus (1995),3.747191011235955,3.672176308539945,-0.07501470269601018
"American Werewolf in Paris, An (1997)",2.814814814814815,2.739336492890996,-0.07547832192381909
Conspiracy Theory (1997),3.4635416666666665,3.3877221324717284,-0.07581953419493814
"Brothers McMullen, The (1995)",3.4461538461538463,3.3696369636963697,-0.07651688245747668
Serial Mom (1994),3.1047619047619053,3.0281690140845066,-0.07659289067739872
Of Mice and Men (1992),3.9047619047619047,3.827868852459016,-0.07689305230288879
Doctor Dolittle (1998),2.986111111111111,2.908616187989556,-0.07749492312155537
Rush Hour (1998),3.6310679611650487,3.553435114503817,-0.07763284666123171
Philadelphia (1993),3.950310559006211,3.8725,-0.07781055900621103
Primal Fear (1996),3.9568965517241375,3.8780487804878048,-0.07884777123633269
Grumpier Old Men (1995),3.0735294117647056,2.9941520467836256,-0.07937736498108006
"Opposite of Sex, The (1998)",3.747368421052632,3.667464114832536,-0.07990430622009592
Logan's Run (1976),3.539325842696629,3.4581005586592184,-0.0812252840374108
Soapdish (1991),3.27972027972028,3.1981981981981984,-0.08152208152208162
Shakespeare in Love (1998),4.181704260651629,4.099936346276257,-0.08176791437537201
Year of Living Dangerously (1982),3.9512195121951215,3.8694029850746254,-0.08181652712049603
Superman (1978),3.6047619047619053,3.522727272727273,-0.08203463203463235
Singin' in the Rain (1952),4.333333333333333,4.251101321585903,-0.08223201174743
Air America (1990),2.8235294117647056,2.7411764705882358,-0.08235294117646985
"Apartment, The (1960)",4.185483870967742,4.102389078498294,-0.08309479246944829
Midnight Run (1988),3.927927927927928,3.844036697247706,-0.08389123068022242
Delicatessen (1991),4.067415730337078,3.982078853046596,-0.08533687729048234
Nurse Betty (2000),3.5636363636363635,3.4771573604060912,-0.08647900323027224
My Life as a Dog (Mitt liv som hund) (1985),4.203703703703703,4.117117117117116,-0.08658658658658691
No Way Out (1987),3.9428571428571435,3.8561403508771934,-0.08671679197995008
"Mask of Zorro, The (1998)",3.6254826254826256,3.538674033149172,-0.0868085923334534
Midnight Cowboy (1969),4.181208053691275,4.093385214007782,-0.08782283968349347
Judge Dredd (1995),2.3857142857142857,2.297570850202429,-0.08814343551185688
Medicine Man (1992),3.1142857142857143,3.0259067357512954,-0.0883789785344189
City Lights (1931),4.452054794520548,4.363636363636363,-0.0884184308841851
"Saint, The (1997)",3.265625,3.177011494252873,-0.0886135057471269
Johnny Mnemonic (1995),2.6545454545454548,2.56575682382134,-0.0887886307241148
Psycho (1998),2.7222222222222223,2.6333333333333333,-0.08888888888888902
Home Alone (1990),3.1971153846153846,3.107066381156317,-0.09004900345906774
Gods and Monsters (1998),3.8757062146892656,3.785536159600997,-0.0901700550882687
Scream 3 (2000),2.803030303030303,2.7123595505617977,-0.09067075246850553
"Remains of the Day, The (1993)",3.975609756097561,3.8846153846153846,-0.09099437148217637
Babe (1995),3.953367875647668,3.8609215017064846,-0.09244637394118316
Alive (1993),3.4693877551020407,3.376865671641791,-0.0925220834602496
Welcome to the Dollhouse (1995),3.8588235294117648,3.7662337662337664,-0.09258976317799839
Forget Paris (1995),3.0297029702970297,2.935897435897436,-0.0938055343995936
Speed (1994),3.636363636363636,3.542236524537409,-0.0941271118262268
"Golden Child, The (1986)",2.9759036144578315,2.8803191489361697,-0.09558446552166178
Dogma (1999),3.787330316742081,3.69140625,-0.09592406674208087
Children of a Lesser God (1986),3.888,3.79126213592233,-0.09673786407766993
Space Cowboys (2000),3.457943925233645,3.361185983827493,-0.0967579414061519
Father of the Bride (1950),3.722772277227723,3.625615763546798,-0.09715651368092493
"Sixth Sense, The (1999)",4.477409638554216,4.379944289693594,-0.09746534886062275
Men in Black (1997),3.817843866171004,3.719,-0.09884386617100427
His Girl Friday (1940),4.3125,4.213438735177865,-0.09906126482213473
"Story of Us, The (1999)",2.8811881188118815,2.7821229050279332,-0.09906521378394828
Hoop Dreams (1994),4.265432098765432,4.166064981949458,-0.09936711681597377
"African Queen, The (1951)",4.324232081911264,4.223821989528797,-0.10041009238246712
Aladdin (1992),3.8571428571428568,3.7564935064935066,-0.10064935064935021
Star Trek IV: The Voyage Home (1986),3.740540540540541,3.6397449521785337,-0.1007955883620073
"Bug's Life, A (1998)",3.927505330490405,3.826580226904377,-0.10092510358602791
Legends of the Fall (1994),3.4954954954954958,3.393374741200828,-0.10212075429466783
"Good Morning, Vietnam (1987)",3.8125,3.709443099273608,-0.10305690072639218
Jumanji (1995),3.278409090909092,3.1752380952380954,-0.10317099567099675
Cyrano de Bergerac (1990),3.948905109489051,3.845132743362832,-0.10377236612621887
"Right Stuff, The (1983)",4.160714285714286,4.056701030927835,-0.10401325478645074
G.I. Jane (1997),3.135593220338983,3.0296127562642368,-0.10598046407474637
Harvey (1950),4.1610169491525415,4.054621848739496,-0.1063951004130459
Dead Man Walking (1995),4.0296052631578965,3.9230769230769234,-0.10652834008097312
Snow Falling on Cedars (1999),3.4820143884892087,3.3745173745173744,-0.10749701397183431
"Guns of Navarone, The (1961)",4.061224489795919,3.95364238410596,-0.10758210568995885
It Could Happen to You (1994),3.4827586206896552,3.375,-0.10775862068965525
Sunset Blvd. (a.k.a. Sunset Boulevard) (1950),4.572649572649572,4.464589235127479,-0.10806033752209299
"Elephant Man, The (1980)",4.094017094017094,3.9852941176470575,-0.10872297637003614
"Wrong Trousers, The (1993)",4.588235294117646,4.478260869565218,-0.10997442455242812
Universal Soldier (1992),2.6129032258064515,2.502906976744186,-0.10999624906226568
Crocodile Dundee II (1988),2.7142857142857144,2.6037151702786376,-0.11057054400707678
"Fabulous Baker Boys, The (1989)",3.439189189189189,3.3285714285714287,-0.1106177606177603
My Dog Skip (1999),3.71875,3.607843137254902,-0.11090686274509798
Buffy the Vampire Slayer (1992),3.176,3.0645994832041343,-0.11140051679586582
Sid and Nancy (1986),3.6288659793814433,3.5169082125603865,-0.11195776682105674
Dave (1993),3.88673139158576,3.774647887323944,-0.11208350426181601
"Indian in the Cupboard, The (1995)",3.2924528301886786,3.1792828685258963,-0.11316996166278237
"Lion King, The (1994)",3.9413580246913575,3.82810539523212,-0.11325262945923775
Splash (1984),3.509915014164306,3.3962962962962964,-0.1136187178680097
Wag the Dog (1997),3.5732217573221763,3.4595808383233533,-0.113640918998823
"Haunting, The (1999)",2.4690265486725664,2.3553719008264458,-0.11365464784612067
"Spanish Prisoner, The (1997)",4.023076923076924,3.9090909090909087,-0.11398601398601516
Romeo and Juliet (1968),3.98051948051948,3.866336633663366,-0.11418284685611368
"Karate Kid, Part II, The (1986)",2.767676767676768,2.653439153439153,-0.11423761423761514
Waiting for Guffman (1996),4.227941176470588,4.1134969325153365,-0.11444424395525132
Breaking the Waves (1996),3.9,3.785310734463277,-0.1146892655367231
Escape from L.A. (1996),2.6140350877192984,2.497797356828194,-0.11623773089110445
Some Folks Call It a Sling Blade (1993),4.329411764705882,4.212669683257919,-0.11674208144796339
Ran (1985),4.365079365079366,4.248299319727892,-0.11678004535147313
Dante's Peak (1997),2.9090909090909087,2.792156862745098,-0.11693404634581084
Lake Placid (1999),2.595238095238096,2.4777448071216623,-0.11749328811643345
Gremlins 2: The New Batch (1990),2.6140350877192984,2.4952380952380957,-0.11879699248120268
Laura (1944),4.27777777777778,4.157608695652174,-0.12016908212560651
"Hard Day's Night, A (1964)",3.978260869565217,3.8578947368421046,-0.12036613272311225
Addams Family Values (1993),3.0,2.878531073446328,-0.12146892655367214
Five Easy Pieces (1970),4.043956043956044,3.921641791044777,-0.12231425291126685
Hackers (1995),3.2459016393442623,3.1230769230769235,-0.12282471626733882
Don Juan DeMarco (1995),3.462962962962963,3.3392857142857144,-0.12367724867724839
Waking Ned Devine (1998),3.963963963963964,3.83991683991684,-0.1240471240471237
"Last Emperor, The (1987)",4.072368421052632,3.946280991735537,-0.12608742931709482
"Hunchback of Notre Dame, The (1996)",3.303448275862069,3.1755102040816325,-0.1279380717804366
Red Rock West (1992),3.96,3.8317307692307687,-0.12826923076923125
Wonder Boys (2000),4.0437956204379555,3.913649025069638,-0.13014659536831763
Home Alone 2: Lost in New York (1992),2.4888888888888894,2.358565737051793,-0.13032315183709642
Congo (1995),2.347368421052632,2.217021276595745,-0.13034714445688733
Fantasia 2000 (1999),3.8992248062015498,3.768518518518519,-0.13070628768303072
Copycat (1995),3.4433962264150937,3.3125,-0.13089622641509369
Scream 2 (1997),3.0769230769230766,2.9458689458689458,-0.13105413105413088
Blast from the Past (1999),3.443661971830986,3.3119266055045866,-0.13173536632639937
Parenthood (1989),3.8587786259541983,3.7267759562841536,-0.1320026696700447
"Return of the Pink Panther, The (1974)",3.8846153846153846,3.7524429967426713,-0.13217238787271324
Hard-Boiled (Lashou shentan) (1992),4.25925925925926,4.126666666666667,-0.13259259259259348
Run Lola Run (Lola rennt) (1998),4.324626865671642,4.191542288557214,-0.13308457711442845
Stargate (1994),3.602272727272727,3.4691489361702126,-0.1331237911025145
"Midsummer Night's Dream, A (1999)",3.43125,3.2980392156862743,-0.13321078431372557
Amadeus (1984),4.346733668341709,4.213414634146342,-0.13331903419536673
Dangerous Liaisons (1988),4.054607508532423,3.920833333333333,-0.13377417519909018
Star Trek VI: The Undiscovered Country (1991),3.523489932885906,3.3896713615023475,-0.13381857138355846
Big (1988),3.9557291666666665,3.8211382113821135,-0.134590955284553
Immortal Beloved (1994),3.8415841584158414,3.70625,-0.13533415841584162
Life Is Beautiful (La Vita è bella) (1997),4.422343324250681,4.286624203821656,-0.1357191204290249
"Wedding Singer, The (1998)",3.581081081081081,3.445350734094617,-0.13573034698646413
In & Out (1997),3.3698630136986303,3.234042553191489,-0.13582046050714114
"Breakfast Club, The (1985)",3.9785714285714286,3.8427167113494174,-0.13585471722201126
Heathers (1989),3.914414414414415,3.7779690189328745,-0.13644539548154055
"Bone Collector, The (1999)",3.4748603351955314,3.3383947939262475,-0.1364655412692839
"Bridges of Madison County, The (1995)",3.3043478260869565,3.167487684729064,-0.13686014135789248
"English Patient, The (1996)",3.6980056980056975,3.5611285266457684,-0.13687717135992905
Star Trek: The Motion Picture (1979),3.254385964912281,3.1165191740412985,-0.1378667908709823
"Rock, The (1996)",3.8346153846153848,3.696296296296296,-0.13831908831908857
Fools Rush In (1997),3.1941747572815533,3.0552147239263805,-0.13896003335517282
"Long Kiss Goodnight, The (1996)",3.597560975609756,3.457386363636364,-0.14017461197339198
Con Air (1997),3.3796791443850265,3.2385919165580184,-0.1410872278270081
"American in Paris, An (1951)",3.931972789115647,3.790816326530612,-0.14115646258503523
Zero Effect (1998),3.864406779661017,3.723140495867769,-0.1412662837932479
Buffalo 66 (1998),3.608247422680413,3.4669260700389097,-0.14132135264150314
Absolute Power (1997),3.469135802469136,3.3277591973244145,-0.1413766051447216
"Time to Kill, A (1996)",3.6893203883495134,3.5477178423236517,-0.14160254602586164
Entrapment (1999),3.2797619047619047,3.1379310344827585,-0.1418308702791462
"Patriot, The (2000)",3.8571428571428568,3.714579055441479,-0.14256380170137772
Boys Don't Cry (1999),4.109154929577465,3.9664310954063606,-0.14272383417110435
Wild Wild West (1999),2.275449101796408,2.1319727891156464,-0.14347631268076144
Air Force One (1997),3.6995884773662553,3.5558223289315727,-0.1437661484346826
Armageddon (1998),3.31,3.1659340659340662,-0.14406593406593382
Arsenic and Old Lace (1944),4.265217391304348,4.117647058823529,-0.14757033248081886
Red Dawn (1984),3.4081632653061225,3.2605633802816896,-0.1475998850244329
Battle for the Planet of the Apes (1973),2.958333333333333,2.810606060606061,-0.14772727272727204
Four Weddings and a Funeral (1994),3.834381551362684,3.686507936507936,-0.14787361485474815
What Lies Beneath (2000),3.4342105263157894,3.2861736334405145,-0.14803689287527488
Awakenings (1990),3.88,3.731868131868132,-0.14813186813186796
Bedknobs and Broomsticks (1971),3.5765765765765765,3.4278846153846154,-0.14869196119196104
Cocoon (1985),3.654708520179372,3.504469987228608,-0.15023853295076384
Young Sherlock Holmes (1985),3.5147058823529416,3.363344051446945,-0.15136183090599653
"Wizard of Oz, The (1939)",4.355029585798817,4.2031379025598685,-0.15189168323894808
Strangers on a Train (1951),4.414814814814815,4.262247838616715,-0.15256697619810033
Raise the Red Lantern (1991),4.2631578947368425,4.110429447852761,-0.1527284468840815
"General's Daughter, The (1999)",3.2540540540540532,3.1007905138339917,-0.1532635402200615
Edward Scissorhands (1990),3.6970338983050848,3.5434565434565437,-0.15357735484854107
Dead Calm (1989),3.804347826086957,3.649382716049384,-0.15496511003757307
Three Days of the Condor (1975),4.173913043478262,4.018315018315018,-0.1555980251632434
Notting Hill (1999),3.7572815533980575,3.6008492569002124,-0.15643229649784507
F/X (1986),3.701754385964912,3.5451448040885865,-0.15660958187632534
"Thomas Crown Affair, The (1999)",3.7632653061224484,3.6066350710900488,-0.1566302350323996
"Muppet Movie, The (1979)",3.9704433497536944,3.813308687615527,-0.1571346621381675
Meatballs (1979),3.4423076923076925,3.2851711026615966,-0.1571365896460959
Dragonheart (1996),3.348148148148148,3.190775681341719,-0.15737246680642913
Return to Me (2000),3.77,3.6102362204724407,-0.15976377952755927
Single White Female (1992),3.234042553191489,3.072674418604651,-0.16136813458683807
George of the Jungle (1997),3.1881188118811883,3.026595744680851,-0.16152306720033716
Clue (1985),3.3650793650793656,3.201892744479496,-0.16318662059986977
Dial M for Murder (1954),4.1875,4.02390438247012,-0.1635956175298796
To Catch a Thief (1955),4.203592814371257,4.0398550724637685,-0.16373774190748858
To Kill a Mockingbird (1962),4.536666666666667,4.372611464968153,-0.16405520169851417
"Big Chill, The (1983)",3.99170124481328,3.827470686767169,-0.16423055804611097
Deep Blue Sea (1999),3.010101010101009,2.8456913827655312,-0.16440962733547781
Diva (1981),4.1647058823529415,4.0,-0.16470588235294148
Howards End (1992),3.8297872340425534,3.6643835616438367,-0.16540367239871667
Mrs. Doubtfire (1993),3.5348837209302326,3.3689655172413797,-0.1659182036888529
She's All That (1999),3.1497005988023954,2.983539094650206,-0.16616150415218955
"Killing Fields, The (1984)",4.378048780487805,4.211267605633803,-0.1667811748540018
Star Trek: First Contact (1996),3.849056603773585,3.6821493624772312,-0.1669072412963537
Galaxy Quest (1999),3.9015544041450783,3.73397913561848,-0.1675752685265981
Help! (1965),3.8928571428571432,3.724637681159421,-0.1682194616977224
Lethal Weapon 4 (1998),3.2818181818181817,3.1127012522361364,-0.16911692958204538
Say Anything... (1989),4.129449838187703,3.960330578512397,-0.1691192596753064
E.T. the Extra-Terrestrial (1982),4.0898502495840265,3.9202637889688248,-0.16958646061520177
Independence Day (ID4) (1996),3.651006711409397,3.4811452513966477,-0.16986146001274927
"Close Shave, A (1995)",4.6444444444444475,4.473794549266247,-0.17064989517820006
Benny & Joon (1993),3.535398230088496,3.3647058823529417,-0.17069234773555442
Dick (1999),3.480769230769232,3.3098159509202456,-0.17095327984898656
Shadowlands (1993),3.9385964912280698,3.767441860465116,-0.1711546307629539
"Sword in the Stone, The (1963)",3.732558139534884,3.5603864734299515,-0.17217166610493262
Mr. Mom (1983),3.530386740331492,3.3579418344519016,-0.1724449058795905
Pushing Tin (1999),3.141891891891892,2.968831168831169,-0.1730607230607233
Witness (1985),4.115853658536587,3.941504178272982,-0.17434948026360475
"Client, The (1994)",3.5087719298245608,3.334302325581396,-0.1744696042431646
Wolf (1994),3.0740740740740735,2.8990825688073394,-0.17499150526673413
All About Eve (1950),4.3630573248407645,4.186991869918699,-0.1760654549220657
Star Trek III: The Search for Spock (1984),3.5034965034965038,3.326530612244898,-0.1769658912516059
European Vacation (1985),3.0625,2.8852459016393444,-0.17725409836065564
Dead Poets Society (1989),4.133891213389122,3.956168831168831,-0.1777223822202907
Wallace & Gromit: The Best of Aardman Animation (1996),4.563106796116505,4.385074626865672,-0.17803216925083287
"Hurricane, The (1999)",3.990384615384616,3.8123456790123456,-0.1780389363722703
"Goodbye Girl, The (1977)",3.810344827586207,3.6310679611650487,-0.17927686642115814
Stand and Deliver (1987),3.89,3.7092511013215854,-0.1807488986784147
What Dreams May Come (1998),3.2288135593220337,3.0464135021097047,-0.182400057212329
Last Action Hero (1993),2.6623376623376624,2.479905437352246,-0.18243222498541645
My Best Friend's Wedding (1997),3.5329512893982806,3.35031847133758,-0.18263281806070042
"Thin Blue Line, The (1988)",4.396551724137931,4.213270142180095,-0.18328158195783573
"Fox and the Hound, The (1981)",3.5729166666666665,3.387434554973822,-0.18548211169284468
Sophie's Choice (1982),4.091603053435114,3.906103286384977,-0.18549976705013727
Top Hat (1935),4.245762711864407,4.06015037593985,-0.1856123359245565
Singles (1992),3.605442176870748,3.418439716312057,-0.18700246055869085
Where the Heart Is (2000),3.3664122137404577,3.1780821917808217,-0.188330021959636
On Golden Pond (1981),3.8739495798319328,3.685314685314685,-0.1886348945172478
Cabaret (1972),4.0256410256410255,3.8362369337979083,-0.18940409184311724
Pete's Dragon (1977),3.203703703703704,3.0139534883720933,-0.18975021533161085
Smoke Signals (1998),3.9280575539568345,3.738197424892704,-0.1898601290641304
Peter Pan (1953),3.787878787878788,3.595959595959596,-0.19191919191919204
"Astronaut's Wife, The (1999)",2.5789473684210527,2.3862660944206007,-0.19268127400045199
Dreamscape (1984),3.641025641025641,3.4481605351170566,-0.1928651059085844
Short Cuts (1993),3.9615384615384617,3.76681614349776,-0.19472231804070184
Rebecca (1940),4.312138728323698,4.117370892018779,-0.19476783630491923
Farewell My Concubine (1993),4.2020202020202015,4.006451612903226,-0.1955685891169754
Michael (1996),3.1666666666666665,2.96875,-0.19791666666666652
Forever Young (1992),3.3376623376623376,3.139318885448916,-0.19834345221342176
"Bodyguard, The (1992)",2.9949748743718594,2.7962529274004684,-0.198721946971391
Smilla's Sense of Snow (1997),3.411111111111111,3.2114285714285717,-0.19968253968253924
Romy and Michele's High School Reunion (1997),3.182572614107884,2.982490272373541,-0.20008234173434314
"Santa Clause, The (1994)",3.333333333333333,3.1327433628318584,-0.20058997050147465
City of Angels (1998),3.410958904109589,3.2090909090909085,-0.20186799501868036
"Crying Game, The (1992)",3.8690176322418135,3.6658653846153846,-0.20315224762642892
Inspector Gadget (1999),2.3163265306122454,2.1127272727272732,-0.20359925788497213
Drop Dead Gorgeous (1999),3.2743362831858414,3.0703703703703704,-0.20396591281547094
"American President, The (1995)",3.9234828496042216,3.7186544342507646,-0.20482841535345697
Willow (1988),3.6586826347305386,3.4535433070866137,-0.20513932764392484
Starman (1984),3.620512820512821,3.4149253731343285,-0.20558744737849244
Firestarter (1984),3.1384615384615384,2.93069306930693,-0.20776846915460823
"Girl, Interrupted (1999)",3.6073619631901837,3.399253731343284,-0.20810823184689964
Star Trek: Generations (1994),3.5502958579881656,3.341047503045067,-0.20924835494309857
Muppet Treasure Island (1996),3.2948717948717947,3.0842696629213484,-0.2106021319504463
Erin Brockovich (2000),4.007125890736342,3.7964205816554815,-0.21070530908086038
"Great Muppet Caper, The (1981)",3.8828828828828814,3.672064777327935,-0.2108181055549463
Peggy Sue Got Married (1986),3.4095744680851063,3.19811320754717,-0.21146126053793646
"Craft, The (1996)",3.247524752475248,3.034920634920635,-0.2126041175546134
My Left Foot (1989),4.101351351351353,3.888524590163936,-0.21282676118741684
Charlotte's Web (1973),3.972972972972973,3.7593123209169055,-0.21366065205606732
Ordinary People (1980),4.128491620111732,3.9146341463414633,-0.21385747377026876
William Shakespeare's Romeo and Juliet (1996),3.532608695652174,3.31864406779661,-0.2139646278555638
Mr. Smith Goes to Washington (1939),4.4,4.18374558303887,-0.21625441696113068
Charade (1963),4.31404958677686,4.097297297297297,-0.2167522894795626
"Ideal Husband, An (1999)",3.8128342245989306,3.5960591133004924,-0.21677511129843818
Snake Eyes (1998),2.919191919191919,2.702020202020201,-0.21717171717171802
Bird on a Wire (1990),2.731707317073171,2.5136186770428006,-0.21808864003037032
Escape to Witch Mountain (1975),3.3370786516853927,3.1188118811881185,-0.21826677049727428
St. Elmo's Fire (1985),3.25,3.03125,-0.21875
Hercules (1997),3.4276315789473686,3.2082018927444795,-0.21942968620288905
Romancing the Stone (1984),3.854227405247813,3.6327345309381234,-0.22149287430968956
Remember the Titans (2000),4.093457943925234,3.8696969696969696,-0.22376097422826424
"Outsiders, The (1983)",3.8441558441558437,3.620111731843577,-0.22404411231226673
"Bamba, La (1987)",3.4875,3.263440860215053,-0.22405913978494674
"Three Musketeers, The (1993)",3.4074074074074074,3.1827411167512687,-0.22466629065613875
Lethal Weapon 3 (1992),3.442748091603053,3.2175856929955287,-0.2251623986075244
"River Wild, The (1994)",3.4186046511627906,3.1893939393939394,-0.2292107117688511
Stuart Little (1999),3.3,3.070588235294118,-0.22941176470588198
American Gigolo (1980),3.3375,3.1069767441860465,-0.2305232558139534
28 Days (2000),3.2094240837696337,2.977707006369427,-0.23171707740020686
And Now for Something Completely Different (1971),4.325581395348837,4.093150684931507,-0.2324307104173302
"Money Pit, The (1986)",3.0642201834862384,2.831715210355987,-0.23250497313025154
Police Academy (1984),3.189189189189189,2.9557522123893807,-0.23343697679980835
Some Like It Hot (1959),4.462745098039216,4.2287694974003465,-0.23397560063886935
"Aristocats, The (1970)",3.5,3.2643678160919536,-0.2356321839080464
Star Trek: Insurrection (1998),3.548387096774193,3.31185944363104,-0.23652765314315305
Alien Nation (1988),3.433333333333333,3.1959459459459465,-0.23738738738738663
"Dark Crystal, The (1982)",3.844444444444445,3.6069565217391295,-0.2374879227053155
Notorious (1946),4.44871794871795,4.211072664359862,-0.23764528435808785
On Her Majesty's Secret Service (1969),3.6666666666666665,3.4271523178807946,-0.23951434878587197
Robin Hood (1973),3.9213483146067416,3.681102362204725,-0.24024595240201663
"Man in the Iron Mask, The (1998)",3.2063492063492065,2.9660377358490564,-0.24031147050015012
Random Hearts (1999),2.4831460674157304,2.2422360248447206,-0.24091004257100979
Creature Comforts (1990),4.513888888888889,4.272277227722772,-0.2416116611661172
Local Hero (1983),4.181818181818182,3.9391634980988592,-0.24265468371932242
"Pelican Brief, The (1993)",3.4433962264150937,3.2,-0.2433962264150935
2 Days in the Valley (1996),3.488888888888889,3.2448132780082988,-0.24407561088059015
"Bachelor, The (1999)",2.634408602150537,2.3899371069182402,-0.24447149523229683
"Grand Day Out, A (1992)",4.537878787878788,4.293255131964809,-0.24462365591397894
"Philadelphia Story, The (1940)",4.446808510638298,4.2017291066282425,-0.24507940401005524
"Truth About Cats & Dogs, The (1996)",3.5785714285714287,3.333333333333333,-0.2452380952380957
"Flintstones, The (1994)",2.5384615384615383,2.292079207920792,-0.24638233054074643
Married to the Mob (1988),3.263157894736842,3.01593625498008,-0.24722163975676192
Adventures in Babysitting (1987),3.45578231292517,3.208121827411168,-0.2476604855140021
"Adventures of Robin Hood, The (1938)",4.166666666666667,3.918367346938776,-0.2482993197278911
While You Were Sleeping (1995),3.6360655737704914,3.385869565217391,-0.2501960085531003
Stigmata (1999),3.0947368421052635,2.842592592592593,-0.25214424951267045
Breakfast at Tiffany's (1961),4.044728434504792,3.790633608815426,-0.25409482568936603
Beauty and the Beast (1991),4.0549450549450565,3.797413793103448,-0.25753126184160857
Victor/Victoria (1982),3.775147928994083,3.516981132075472,-0.2581667969186112
Kramer Vs. Kramer (1979),3.9841269841269837,3.723926380368098,-0.26020060375888576
Robin Hood: Men in Tights (1993),3.125,2.8633093525179856,-0.2616906474820144
White Christmas (1954),3.9901960784313726,3.727810650887574,-0.2623854275437987
Like Water for Chocolate (Como agua para chocolate) (1992),4.078947368421051,3.816279069767442,-0.2626682986536095
"Parent Trap, The (1998)",3.440366972477064,3.1761006289308176,-0.26426634354624623
Elizabeth (1998),4.197101449275363,3.932546374367622,-0.26455507490774055
Titanic (1997),3.764227642276424,3.4990512333965844,-0.2651764088798396
Pecker (1998),3.7052631578947364,3.438914027149321,-0.26634913074541533
You've Got Mail (1998),3.5424242424242425,3.2755905511811023,-0.26683369124314016
Hairspray (1988),3.5263157894736836,3.2593856655290097,-0.26693012394467397
When Harry Met Sally... (1989),4.257028112449799,3.98785046728972,-0.2691776451600787
"League of Their Own, A (1992)",3.865497076023392,3.595772787318362,-0.2697242887050302
"Birdcage, The (1996)",3.726890756302521,3.454954954954955,-0.2719358013475661
Legend (1985),3.476744186046512,3.204460966542752,-0.2722832195037599
"Prince of Egypt, The (1998)",3.7755102040816326,3.502314814814815,-0.27319538926681775
Driving Miss Daisy (1989),4.059633027522936,3.7857142857142856,-0.27391874180865017
Willy Wonka and the Chocolate Factory (1971),4.063953488372095,3.789473684210527,-0.27447980416156836
West Side Story (1961),4.228373702422147,3.9533898305084745,-0.27498387191367213
Watership Down (1978),4.057142857142857,3.7787234042553193,-0.27841945288753767
Roman Holiday (1953),4.353211009174312,4.0724637681159415,-0.28074724105837046
Mulan (1998),3.9320987654320985,3.649390243902439,-0.2827085215296594
"Secret Garden, The (1993)",3.911242603550297,3.6272189349112414,-0.2840236686390556
Murphy's Romance (1985),3.7291666666666665,3.445086705202312,-0.28407996146435455
Star Trek V: The Final Frontier (1989),2.989583333333333,2.7040618955512574,-0.2855214377820756
Space Jam (1996),2.8495575221238933,2.5622222222222217,-0.2873352999016716
Agnes of God (1985),3.5348837209302326,3.2448979591836733,-0.2899857617465593
"Net, The (1995)",3.0991735537190084,2.8080357142857144,-0.29113783943329397
101 Dalmatians (1961),3.79144385026738,3.5,-0.2914438502673802
Dead Again (1991),4.042857142857144,3.7506702412868633,-0.29218690157028027
Bad Boys (1995),3.5625,3.2696969696969687,-0.29280303030303134
"Presidio, The (1988)",3.5476190476190474,3.253588516746412,-0.2940305308726354
Working Girl (1988),3.6067415730337076,3.3125,-0.29424157303370757
Lady and the Tramp (1955),3.9905956112852654,3.6954128440366967,-0.29518276724856873
"Goonies, The (1985)",3.725609756097561,3.4293478260869565,-0.2962619300106044
Superman III (1983),2.5875,2.2900232018561484,-0.29747679814385153
Flubber (1997),2.7763157894736836,2.4778761061946897,-0.29843968327899395
Circle of Friends (1995),3.6666666666666665,3.3664122137404577,-0.3002544529262088
"Adventures of Priscilla, Queen of the Desert, The (1994)",3.989071038251366,3.6888111888111887,-0.30025984944017736
Runaway Bride (1999),3.2924187725631766,2.991957104557641,-0.30046166800553564
Sixteen Candles (1984),3.923809523809524,3.622789783889981,-0.3010197399195431
Private Benjamin (1980),3.4090909090909087,3.107744107744108,-0.3013468013468006
Ghost (1990),3.6986666666666665,3.3951935914552736,-0.303473075211393
Toys (1992),2.8068181818181817,2.502840909090909,-0.3039772727272725
Sleepless in Seattle (1993),3.949333333333333,3.6448445171849437,-0.3044888161483894
Hook (1991),3.25,2.9454545454545453,-0.3045454545454547
"NeverEnding Story, The (1984)",3.8288770053475942,3.5234375,-0.30543950534759423
Pocahontas (1995),3.1592356687898087,2.848888888888889,-0.31034677990091986
Desperately Seeking Susan (1985),3.1501597444089446,2.838709677419355,-0.31145006698958966
Clueless (1995),3.8270042194092833,3.51463963963964,-0.31236457976964305
Ladyhawke (1985),3.9117647058823533,3.5935960591133007,-0.31816864676905254
Somewhere in Time (1980),3.766129032258065,3.4472049689441,-0.31892406331396517
Auntie Mame (1958),4.0,3.6808510638297873,-0.31914893617021267
Sabrina (1995),3.5882352941176467,3.267716535433072,-0.3205187586845746
"View to a Kill, A (1985)",3.55,3.2280701754385963,-0.3219298245614035
Jackie Chan's First Strike (1996),3.5853658536585367,3.26171875,-0.32364710365853666
Father of the Bride Part II (1995),3.212962962962963,2.8882978723404253,-0.32466509062253746
Little Shop of Horrors (1986),3.5660377358490565,3.239940387481372,-0.32609734836768434
Batman Forever (1995),2.9012345679012346,2.5739837398373986,-0.327250828063836
For Love of the Game (1999),3.3936170212765964,3.065384615384616,-0.32823240589198033
101 Dalmatians (1996),3.24,2.9112149532710285,-0.3287850467289717
Sister Act (1992),3.3842794759825328,3.054919908466819,-0.3293595675157137
Reality Bites (1994),3.3691275167785237,3.039426523297491,-0.3297009934810329
Terms of Endearment (1983),3.824175824175824,3.4942528735632186,-0.32992295061260535
"American Tail, An (1986)",3.649253731343284,3.3185185185185184,-0.3307352128247656
Ghostbusters II (1989),3.1743119266055047,2.8421052631578947,-0.33220666344760996
"King and I, The (1956)",4.148387096774194,3.8156682027649773,-0.3327188940092163
10 Things I Hate About You (1999),3.646551724137931,3.311965811965812,-0.33458591217211886
Thelma & Louise (1991),3.916267942583732,3.581581581581581,-0.3346863610021509
Pretty Woman (1990),3.8469135802469134,3.5117004680187214,-0.33521311222819206
It Happened One Night (1934),4.5,4.163934426229509,-0.3360655737704912
"Piano, The (1993)",3.8786610878661087,3.5420054200542004,-0.33665566781190837
Batman & Robin (1997),2.52991452991453,2.192229038854806,-0.337685491059724
First Knight (1995),3.1826086956521737,2.8421052631578947,-0.34050343249427906
Evita (1996),3.4601769911504423,3.1183431952662723,-0.34183379588416996
"Prince of Tides, The (1991)",3.347517730496454,3.0055555555555555,-0.3419621749408983
Super Mario Bros. (1993),2.163636363636364,1.8203389830508483,-0.34329738058551573
"Little Mermaid, The (1989)",3.9759358288770055,3.6323751891074134,-0.34356063976959206
All That Jazz (1979),4.0618556701030935,3.718181818181818,-0.34367385192127564
My Fair Lady (1964),4.336666666666667,3.991071428571429,-0.34559523809523807
"Room with a View, A (1986)",4.187250996015936,3.8414239482200654,-0.3458270477958707
Tarzan (1999),3.9090909090909087,3.5612903225806454,-0.34780058651026335
Cinderella (1950),3.96875,3.620396600566573,-0.34835339943342714
Moonstruck (1987),4.011428571428572,3.6629746835443036,-0.348453887884268
"Full Monty, The (1997)",4.113456464379946,3.760975609756097,-0.35248085462384937
Double Jeopardy (1999),3.451754385964912,3.0985663082437283,-0.35318807772118355
Holiday Inn (1942),4.088495575221239,3.734567901234569,-0.3539276739866697
Flight of the Navigator (1986),3.7578947368421054,3.4036281179138324,-0.35426661892827305
Drop Dead Fred (1991),2.6292134831460685,2.271929824561404,-0.3572836585846644
Tank Girl (1995),2.901408450704225,2.543554006968641,-0.35785444373558395
Footloose (1984),3.3115942028985508,2.9528619528619533,-0.3587322500365975
Cocoon: The Return (1988),2.82,2.45933014354067,-0.3606698564593298
"Joy Luck Club, The (1993)",4.040816326530612,3.6798561151079134,-0.3609602114226984
Sleeping Beauty (1959),3.9375,3.573667711598746,-0.3638322884012539
Anna and the King (1999),3.6206896551724137,3.2553191489361697,-0.365370506236244
"Muppets Take Manhattan, The (1984)",3.7623762376237617,3.395833333333333,-0.3665429042904287
Superman IV: The Quest for Peace (1987),2.216216216216216,1.847457627118644,-0.36875858909757175
Much Ado About Nothing (1993),4.224334600760456,3.8539603960396023,-0.37037420472085403
Sabrina (1954),4.1398963730569935,3.767441860465116,-0.3724545125918777
Timecop (1994),3.22,2.8471502590673574,-0.3728497409326428
"Muppet Christmas Carol, The (1992)",3.8588235294117648,3.485875706214689,-0.37294782319707576
Flashdance (1983),3.333333333333333,2.960352422907489,-0.37298091042584414
"First Wives Club, The (1996)",3.1555555555555554,2.78125,-0.37430555555555545
"Mighty Ducks, The (1992)",3.1538461538461537,2.7782101167315174,-0.37563603711463633
Fried Green Tomatoes (1991),4.038793103448277,3.656509695290859,-0.3822834081574178
Out of Africa (1985),3.8940677966101696,3.507692307692308,-0.38637548891786144
All About My Mother (Todo Sobre Mi Madre) (1999),4.333333333333333,3.944,-0.3893333333333331
"Slums of Beverly Hills, The (1998)",3.5875,3.1978609625668453,-0.38963903743315464
Labyrinth (1986),3.925170068027212,3.533169533169533,-0.39200053485767894
Ever After: A Cinderella Story (1998),3.9,3.5051020408163267,-0.3948979591836732
Strictly Ballroom (1992),4.1743421052631575,3.768817204301076,-0.4055249009620816
Emma (1996),4.061151079136692,3.654708520179372,-0.40644255895731973
Pretty in Pink (1986),3.619771863117872,3.2116279069767444,-0.40814395614112753
"Parent Trap, The (1961)",3.8055555555555554,3.393333333333333,-0.41222222222222227
Sense and Sensibility (1995),4.233333333333333,3.819277108433735,-0.4140562248995985
Beverly Hills Cop III (1994),2.8653846153846154,2.4433333333333334,-0.42205128205128206
Hope Floats (1998),3.2061855670103085,2.78238341968912,-0.42380214732118837
Iron Eagle (1986),2.96875,2.5439330543933054,-0.4248169456066946
"Corrina, Corrina (1994)",3.523489932885906,3.092592592592593,-0.43089734029331295
"Skulls, The (2000)",3.053333333333333,2.62114537444934,-0.432187958883993
Sommersby (1993),3.4822695035460987,3.046666666666667,-0.4356028368794318
Gone with the Wind (1939),4.26984126984127,3.829370629370629,-0.4404706404706409
South Pacific (1958),3.88785046728972,3.445086705202312,-0.4427637620874081
"Jewel of the Nile, The (1985)",3.4942528735632186,3.0480961923847696,-0.446156681178449
Casper (1995),3.2911392405063293,2.844444444444445,-0.44669479606188434
Never Been Kissed (1999),3.4521739130434783,3.0025380710659904,-0.44963584197748796
"Sound of Music, The (1965)",4.233676975945017,3.7834179357022,-0.45025904024281704
Grease 2 (1982),2.243478260869565,1.7925531914893618,-0.4509250693802034
Patch Adams (1998),3.473282442748092,3.0087463556851315,-0.4645360870629607
Mary Poppins (1964),4.19774011299435,3.730593607305936,-0.4671465056884143
Guys and Dolls (1955),4.0517241379310365,3.583333333333333,-0.46839080459770344
"Little Shop of Horrors, The (1960)",3.65,3.1796875,-0.4703124999999999
French Kiss (1995),3.5357142857142856,3.056962025316456,-0.4787522603978296
Free Willy (1993),2.9213483146067416,2.4387755102040822,-0.48257280440265937
"Age of Innocence, The (1993)",3.8270676691729317,3.3395061728395063,-0.4875614963334254
"Color Purple, The (1985)",4.15819209039548,3.6593406593406574,-0.49885143105482266
"Rocky Horror Picture Show, The (1975)",3.673015873015873,3.160130718954248,-0.512885154061625
Anastasia (1997),3.8,3.281609195402299,-0.518390804597701
Steel Magnolias (1989),3.9017341040462434,3.3659574468085105,-0.5357766572377329
Little Women (1994),3.8705882352941177,3.3217391304347825,-0.5488491048593351
Grease (1978),3.975265017667844,3.3670411985018727,-0.6082238191659712
Jumpin' Jack Flash (1986),3.254716981132076,2.578358208955224,-0.6763587721768523
Dirty Dancing (1987),3.7903780068728516,2.95959595959596,-0.8307820472768919
